from	to	string_score	nscore	fscore	pscore	ascore	escore	dscore	tscore	boundary
DCN	POSTN	0.758	0	0	0	0.405	0.045	0	0.608	STRING network edge used for candidate prioritization only; not direct mechanistic validation.
COL6A1	DCN	0.824	0	0	0	0.522	0.328	0	0.495	STRING network edge used for candidate prioritization only; not direct mechanistic validation.
DCN	THBS1	0.854	0	0	0	0.174	0.099	0	0.819	STRING network edge used for candidate prioritization only; not direct mechanistic validation.
DCN	MMP14	0.859	0	0	0	0.085	0	0.75	0.435	STRING network edge used for candidate prioritization only; not direct mechanistic validation.
DCN	MMP2	0.866	0	0	0	0.357	0	0.4	0.681	STRING network edge used for candidate prioritization only; not direct mechanistic validation.
DCN	SPARC	0.905	0	0	0	0.734	0	0	0.659	STRING network edge used for candidate prioritization only; not direct mechanistic validation.
COL1A1	DCN	0.923	0	0	0	0.479	0.091	0	0.851	STRING network edge used for candidate prioritization only; not direct mechanistic validation.
COL1A2	DCN	0.93	0	0	0	0.769	0.091	0	0.695	STRING network edge used for candidate prioritization only; not direct mechanistic validation.
COL3A1	DCN	0.935	0	0	0	0.836	0.091	0	0.603	STRING network edge used for candidate prioritization only; not direct mechanistic validation.
DCN	LUM	0.978	0	0	0.173	0.862	0	0	0.824	STRING network edge used for candidate prioritization only; not direct mechanistic validation.
DCN	VCAN	0.981	0	0	0	0.101	0.099	0.4	0.966	STRING network edge used for candidate prioritization only; not direct mechanistic validation.
DCN	FN1	0.996	0	0	0	0.181	0.292	0	0.995	STRING network edge used for candidate prioritization only; not direct mechanistic validation.
DCN	TGFB1	0.999	0	0	0	0	0.625	0.9	0.993	STRING network edge used for candidate prioritization only; not direct mechanistic validation.
CDC42	VCL	0.739	0	0	0	0.044	0.062	0	0.732	STRING network edge used for candidate prioritization only; not direct mechanistic validation.
CAV1	VCL	0.744	0	0	0	0.152	0.139	0	0.678	STRING network edge used for candidate prioritization only; not direct mechanistic validation.
MYL9	VCL	0.749	0	0	0	0.253	0.054	0.5	0.374	STRING network edge used for candidate prioritization only; not direct mechanistic validation.
ITGA5	VCL	0.78	0	0	0	0.115	0.292	0	0.677	STRING network edge used for candidate prioritization only; not direct mechanistic validation.
MYLK	VCL	0.814	0	0	0	0.266	0	0.5	0.534	STRING network edge used for candidate prioritization only; not direct mechanistic validation.
CFL1	VCL	0.833	0	0	0	0.078	0	0	0.826	STRING network edge used for candidate prioritization only; not direct mechanistic validation.
RHOA	VCL	0.852	0	0	0	0.083	0.062	0	0.842	STRING network edge used for candidate prioritization only; not direct mechanistic validation.
PARVB	VCL	0.864	0	0	0	0.074	0	0	0.859	STRING network edge used for candidate prioritization only; not direct mechanistic validation.
ITGB3	VCL	0.874	0	0	0	0.203	0.096	0.4	0.744	STRING network edge used for candidate prioritization only; not direct mechanistic validation.
ITGA1	VCL	0.886	0	0	0	0.109	0	0.8	0.415	STRING network edge used for candidate prioritization only; not direct mechanistic validation.
FERMT2	VCL	0.896	0	0	0	0.072	0.565	0	0.763	STRING network edge used for candidate prioritization only; not direct mechanistic validation.
PARVA	VCL	0.948	0	0	0	0.062	0	0	0.946	STRING network edge used for candidate prioritization only; not direct mechanistic validation.
ITGB1	VCL	0.966	0	0	0	0.318	0.26	0	0.938	STRING network edge used for candidate prioritization only; not direct mechanistic validation.
PFN1	VCL	0.978	0	0	0	0.083	0.124	0.9	0.764	STRING network edge used for candidate prioritization only; not direct mechanistic validation.
ACTB	VCL	0.984	0	0	0	0.1	0.105	0.9	0.826	STRING network edge used for candidate prioritization only; not direct mechanistic validation.
FN1	VCL	0.992	0	0	0	0.074	0.071	0.4	0.987	STRING network edge used for candidate prioritization only; not direct mechanistic validation.
FLNB	VCL	0.995	0	0	0	0.295	0	0	0.993	STRING network edge used for candidate prioritization only; not direct mechanistic validation.
SRC	VCL	0.997	0	0	0	0.053	0	0.4	0.995	STRING network edge used for candidate prioritization only; not direct mechanistic validation.
PTK2	VCL	0.998	0	0	0	0.089	0.083	0	0.997	STRING network edge used for candidate prioritization only; not direct mechanistic validation.
FLNA	VCL	0.998	0	0	0	0.474	0	0.4	0.995	STRING network edge used for candidate prioritization only; not direct mechanistic validation.
VCL	ZYX	0.999	0	0	0	0.192	0.183	0	0.999	STRING network edge used for candidate prioritization only; not direct mechanistic validation.
VASP	VCL	0.999	0	0	0	0.063	0.601	0	0.998	STRING network edge used for candidate prioritization only; not direct mechanistic validation.
TLN1	VCL	0.999	0	0	0	0.255	0.991	0.9	0.999	STRING network edge used for candidate prioritization only; not direct mechanistic validation.
PXN	VCL	0.999	0	0	0	0.107	0.881	0.8	0.999	STRING network edge used for candidate prioritization only; not direct mechanistic validation.
CCL2	NFKBIA	0.754	0	0	0	0.176	0	0	0.714	STRING network edge used for candidate prioritization only; not direct mechanistic validation.
NFKBIA	SRC	0.797	0	0	0	0.088	0.261	0	0.724	STRING network edge used for candidate prioritization only; not direct mechanistic validation.
FOS	NFKBIA	0.808	0	0	0	0.156	0.053	0	0.779	STRING network edge used for candidate prioritization only; not direct mechanistic validation.
ACTB	NFKBIA	0.823	0	0	0	0.049	0.092	0	0.811	STRING network edge used for candidate prioritization only; not direct mechanistic validation.
CXCL8	NFKBIA	0.887	0	0	0	0.45	0	0	0.803	STRING network edge used for candidate prioritization only; not direct mechanistic validation.
JUN	NFKBIA	0.908	0	0	0	0.235	0.292	0	0.844	STRING network edge used for candidate prioritization only; not direct mechanistic validation.
IL6	NFKBIA	0.927	0	0	0	0.175	0	0	0.915	STRING network edge used for candidate prioritization only; not direct mechanistic validation.
NFKB1	NFKBIA	0.999	0	0	0	0.242	0.997	0.9	0.986	STRING network edge used for candidate prioritization only; not direct mechanistic validation.
NFKBIA	RELA	0.999	0	0.003	0	0.147	0.999	0.9	0.999	STRING network edge used for candidate prioritization only; not direct mechanistic validation.
JUN	TIMP1	0.701	0	0	0	0.062	0	0	0.695	STRING network edge used for candidate prioritization only; not direct mechanistic validation.
NFKB1	TIMP1	0.704	0	0	0	0.076	0	0	0.693	STRING network edge used for candidate prioritization only; not direct mechanistic validation.
ITGB1	TIMP1	0.753	0	0	0	0.085	0	0	0.741	STRING network edge used for candidate prioritization only; not direct mechanistic validation.
THBS1	TIMP1	0.762	0	0	0	0.143	0	0	0.734	STRING network edge used for candidate prioritization only; not direct mechanistic validation.
CXCL8	TIMP1	0.78	0	0	0	0.086	0	0	0.77	STRING network edge used for candidate prioritization only; not direct mechanistic validation.
SERPINE1	TIMP1	0.84	0	0	0	0.269	0	0	0.791	STRING network edge used for candidate prioritization only; not direct mechanistic validation.
COL1A1	TIMP1	0.842	0	0	0	0.175	0	0	0.817	STRING network edge used for candidate prioritization only; not direct mechanistic validation.
CCL2	TIMP1	0.867	0	0	0	0.357	0	0	0.802	STRING network edge used for candidate prioritization only; not direct mechanistic validation.
TGFB1	TIMP1	0.882	0	0	0	0.16	0.053	0.4	0.782	STRING network edge used for candidate prioritization only; not direct mechanistic validation.
IL6	TIMP1	0.938	0	0	0	0.152	0	0.4	0.888	STRING network edge used for candidate prioritization only; not direct mechanistic validation.
FN1	TIMP1	0.954	0	0	0	0.087	0.16	0.4	0.913	STRING network edge used for candidate prioritization only; not direct mechanistic validation.
MMP2	TIMP1	0.997	0	0	0	0.148	0.16	0.4	0.994	STRING network edge used for candidate prioritization only; not direct mechanistic validation.
MMP14	TIMP1	0.999	0	0	0	0.172	0.977	0	0.996	STRING network edge used for candidate prioritization only; not direct mechanistic validation.
MMP2	SPARC	0.701	0	0	0	0.357	0	0	0.554	STRING network edge used for candidate prioritization only; not direct mechanistic validation.
CCL2	MMP2	0.704	0	0	0	0.15	0	0	0.667	STRING network edge used for candidate prioritization only; not direct mechanistic validation.
MMP2	SMAD4	0.709	0	0	0	0	0.045	0	0.708	STRING network edge used for candidate prioritization only; not direct mechanistic validation.
LOX	MMP2	0.73	0	0	0	0.29	0.238	0	0.542	STRING network edge used for candidate prioritization only; not direct mechanistic validation.
MMP2	SERPINE1	0.755	0	0	0	0.181	0	0	0.714	STRING network edge used for candidate prioritization only; not direct mechanistic validation.
ITGB1	MMP2	0.755	0	0	0	0.115	0.297	0	0.637	STRING network edge used for candidate prioritization only; not direct mechanistic validation.
FN1	MMP2	0.756	0	0	0.104	0.255	0.24	0	0.577	STRING network edge used for candidate prioritization only; not direct mechanistic validation.
LUM	MMP2	0.78	0	0	0	0.446	0	0	0.62	STRING network edge used for candidate prioritization only; not direct mechanistic validation.
MMP2	POSTN	0.787	0	0	0	0.353	0.099	0	0.665	STRING network edge used for candidate prioritization only; not direct mechanistic validation.
COL5A1	MMP2	0.796	0	0	0	0.37	0.508	0	0.394	STRING network edge used for candidate prioritization only; not direct mechanistic validation.
COL3A1	MMP2	0.799	0	0	0	0.363	0.05	0	0.694	STRING network edge used for candidate prioritization only; not direct mechanistic validation.
CXCL8	MMP2	0.814	0	0	0	0.042	0	0	0.814	STRING network edge used for candidate prioritization only; not direct mechanistic validation.
COL1A1	MMP2	0.828	0	0	0	0.403	0.298	0	0.623	STRING network edge used for candidate prioritization only; not direct mechanistic validation.
ITGAV	MMP2	0.835	0	0	0	0.094	0.51	0	0.66	STRING network edge used for candidate prioritization only; not direct mechanistic validation.
IL6	MMP2	0.847	0	0	0	0.116	0	0.4	0.734	STRING network edge used for candidate prioritization only; not direct mechanistic validation.
COL1A2	MMP2	0.853	0	0	0	0.452	0.098	0	0.726	STRING network edge used for candidate prioritization only; not direct mechanistic validation.
MMP2	TGFB1	0.962	0	0	0	0.07	0.6	0.4	0.85	STRING network edge used for candidate prioritization only; not direct mechanistic validation.
MMP2	SRC	0.972	0	0	0	0.042	0	0.9	0.74	STRING network edge used for candidate prioritization only; not direct mechanistic validation.
MMP2	THBS1	0.985	0	0	0	0.123	0.292	0.9	0.786	STRING network edge used for candidate prioritization only; not direct mechanistic validation.
MMP14	MMP2	0.997	0	0	0.084	0.381	0	0.9	0.961	STRING network edge used for candidate prioritization only; not direct mechanistic validation.
MMP2	TIMP2	0.999	0	0	0	0.154	0.985	0.5	0.999	STRING network edge used for candidate prioritization only; not direct mechanistic validation.
ACTA2	TGFB1	0.705	0	0	0	0	0	0	0.705	STRING network edge used for candidate prioritization only; not direct mechanistic validation.
NFKB1	TGFB1	0.711	0	0	0	0.126	0	0	0.683	STRING network edge used for candidate prioritization only; not direct mechanistic validation.
FOS	TGFB1	0.719	0	0	0	0	0	0	0.719	STRING network edge used for candidate prioritization only; not direct mechanistic validation.
JUN	TGFB1	0.722	0	0	0	0.103	0	0	0.703	STRING network edge used for candidate prioritization only; not direct mechanistic validation.
SPARC	TGFB1	0.722	0	0	0	0.047	0.091	0	0.705	STRING network edge used for candidate prioritization only; not direct mechanistic validation.
COL3A1	TGFB1	0.748	0	0	0	0.044	0.067	0	0.74	STRING network edge used for candidate prioritization only; not direct mechanistic validation.
LUM	TGFB1	0.752	0	0	0	0.086	0	0.5	0.5	STRING network edge used for candidate prioritization only; not direct mechanistic validation.
ITGB3	TGFB1	0.764	0	0	0	0.161	0	0.5	0.482	STRING network edge used for candidate prioritization only; not direct mechanistic validation.
ACTB	TGFB1	0.773	0	0	0	0.059	0	0	0.769	STRING network edge used for candidate prioritization only; not direct mechanistic validation.
CXCL8	TGFB1	0.775	0	0	0	0.085	0	0	0.765	STRING network edge used for candidate prioritization only; not direct mechanistic validation.
SRC	TGFB1	0.787	0	0	0	0.117	0.126	0	0.746	STRING network edge used for candidate prioritization only; not direct mechanistic validation.
TGFB1	TIMP2	0.79	0	0	0	0.089	0.053	0	0.776	STRING network edge used for candidate prioritization only; not direct mechanistic validation.
POSTN	TGFB1	0.791	0	0	0	0.094	0	0	0.778	STRING network edge used for candidate prioritization only; not direct mechanistic validation.
SERPINE1	TGFB1	0.798	0	0	0	0.131	0	0	0.777	STRING network edge used for candidate prioritization only; not direct mechanistic validation.
COL1A1	TGFB1	0.802	0	0	0	0.047	0.095	0	0.789	STRING network edge used for candidate prioritization only; not direct mechanistic validation.
COL1A2	TGFB1	0.804	0	0	0	0.042	0.067	0	0.798	STRING network edge used for candidate prioritization only; not direct mechanistic validation.
RHOA	TGFB1	0.834	0	0	0	0.056	0.161	0.5	0.63	STRING network edge used for candidate prioritization only; not direct mechanistic validation.
CCL2	TGFB1	0.851	0	0	0	0.086	0	0	0.843	STRING network edge used for candidate prioritization only; not direct mechanistic validation.
ITGB1	TGFB1	0.885	0	0	0	0.119	0	0.5	0.761	STRING network edge used for candidate prioritization only; not direct mechanistic validation.
SMAD4	TGFB1	0.959	0	0	0	0.042	0.095	0.5	0.917	STRING network edge used for candidate prioritization only; not direct mechanistic validation.
IL6	TGFB1	0.96	0	0	0	0.106	0	0.4	0.932	STRING network edge used for candidate prioritization only; not direct mechanistic validation.
FN1	TGFB1	0.969	0	0	0	0.049	0	0	0.969	STRING network edge used for candidate prioritization only; not direct mechanistic validation.
SMAD2	TGFB1	0.983	0	0	0	0.042	0.095	0.5	0.966	STRING network edge used for candidate prioritization only; not direct mechanistic validation.
TGFB1	THBS1	0.985	0	0	0	0.055	0.488	0	0.972	STRING network edge used for candidate prioritization only; not direct mechanistic validation.
SMAD3	TGFB1	0.99	0	0	0	0.067	0.178	0.5	0.978	STRING network edge used for candidate prioritization only; not direct mechanistic validation.
ITGAV	TGFB1	0.994	0	0	0	0.076	0.961	0.5	0.748	STRING network edge used for candidate prioritization only; not direct mechanistic validation.
TGFB1	TGFBR1	0.999	0	0	0	0.042	0.979	0.9	0.999	STRING network edge used for candidate prioritization only; not direct mechanistic validation.
TGFB1	TGFBR2	0.999	0	0	0	0.105	0.986	0.9	0.999	STRING network edge used for candidate prioritization only; not direct mechanistic validation.
LAMB1	PTK2	0.705	0	0	0	0.084	0	0.65	0.154	STRING network edge used for candidate prioritization only; not direct mechanistic validation.
COL1A1	LAMB1	0.734	0	0	0	0.201	0.07	0	0.671	STRING network edge used for candidate prioritization only; not direct mechanistic validation.
COL5A2	LAMB1	0.754	0	0	0	0.337	0.07	0	0.633	STRING network edge used for candidate prioritization only; not direct mechanistic validation.
COL6A3	LAMB1	0.76	0	0	0	0.224	0.07	0	0.694	STRING network edge used for candidate prioritization only; not direct mechanistic validation.
ITGA2	LAMB1	0.784	0	0	0	0.108	0	0.65	0.366	STRING network edge used for candidate prioritization only; not direct mechanistic validation.
ITGAV	LAMB1	0.787	0	0	0	0.141	0.045	0.65	0.346	STRING network edge used for candidate prioritization only; not direct mechanistic validation.
ITGA5	LAMB1	0.788	0	0	0	0.085	0.045	0.65	0.388	STRING network edge used for candidate prioritization only; not direct mechanistic validation.
ITGB3	LAMB1	0.838	0	0	0	0.044	0.053	0.65	0.549	STRING network edge used for candidate prioritization only; not direct mechanistic validation.
COL6A2	LAMB1	0.842	0	0	0	0.145	0.07	0	0.817	STRING network edge used for candidate prioritization only; not direct mechanistic validation.
COL6A1	LAMB1	0.843	0	0	0	0.204	0.046	0	0.81	STRING network edge used for candidate prioritization only; not direct mechanistic validation.
ITGA1	LAMB1	0.856	0	0	0	0.097	0	0.65	0.582	STRING network edge used for candidate prioritization only; not direct mechanistic validation.
LAMA2	LAMB1	0.965	0	0	0	0.319	0.163	0.8	0.732	STRING network edge used for candidate prioritization only; not direct mechanistic validation.
ITGB1	LAMB1	0.974	0	0	0	0.097	0.802	0.65	0.636	STRING network edge used for candidate prioritization only; not direct mechanistic validation.
CXCL8	SERPINE1	0.736	0	0	0	0.182	0	0	0.691	STRING network edge used for candidate prioritization only; not direct mechanistic validation.
FN1	SERPINE1	0.79	0	0	0	0.28	0	0	0.72	STRING network edge used for candidate prioritization only; not direct mechanistic validation.
SERPINE1	THBS1	0.819	0	0	0	0.307	0	0	0.75	STRING network edge used for candidate prioritization only; not direct mechanistic validation.
SERPINE1	SMAD2	0.846	0	0	0	0	0.047	0.5	0.703	STRING network edge used for candidate prioritization only; not direct mechanistic validation.
SERPINE1	SMAD3	0.848	0	0	0	0.062	0.047	0.5	0.7	STRING network edge used for candidate prioritization only; not direct mechanistic validation.
IL6	SERPINE1	0.849	0	0	0	0.258	0	0	0.804	STRING network edge used for candidate prioritization only; not direct mechanistic validation.
SERPINE1	SMAD4	0.873	0	0	0	0	0.045	0.5	0.755	STRING network edge used for candidate prioritization only; not direct mechanistic validation.
CCL2	SERPINE1	0.918	0	0	0	0.259	0	0	0.895	STRING network edge used for candidate prioritization only; not direct mechanistic validation.
ACTA2	POSTN	0.73	0	0	0	0.162	0	0	0.691	STRING network edge used for candidate prioritization only; not direct mechanistic validation.
ACTA2	SMAD3	0.733	0	0	0	0.074	0.089	0	0.709	STRING network edge used for candidate prioritization only; not direct mechanistic validation.
ACTA2	SRF	0.741	0	0	0	0.058	0.091	0	0.721	STRING network edge used for candidate prioritization only; not direct mechanistic validation.
ACTA2	COL1A2	0.814	0	0	0	0.222	0.101	0	0.756	STRING network edge used for candidate prioritization only; not direct mechanistic validation.
ACTA2	COL3A1	0.882	0	0	0	0.336	0.101	0	0.818	STRING network edge used for candidate prioritization only; not direct mechanistic validation.
ACTA2	MYLK	0.89	0	0	0	0.269	0.092	0.5	0.709	STRING network edge used for candidate prioritization only; not direct mechanistic validation.
ACTA2	CNN1	0.892	0	0	0	0.291	0.114	0	0.842	STRING network edge used for candidate prioritization only; not direct mechanistic validation.
ACTA2	COL1A1	0.928	0	0	0	0.27	0.101	0	0.899	STRING network edge used for candidate prioritization only; not direct mechanistic validation.
ACTA2	TAGLN	0.954	0	0	0	0.449	0.14	0	0.911	STRING network edge used for candidate prioritization only; not direct mechanistic validation.
ACTA2	MYL9	0.97	0	0	0	0.223	0.126	0.9	0.615	STRING network edge used for candidate prioritization only; not direct mechanistic validation.
PFN1	ZYX	0.748	0	0	0	0.333	0	0	0.638	STRING network edge used for candidate prioritization only; not direct mechanistic validation.
FLNA	PFN1	0.776	0	0	0	0.149	0	0	0.748	STRING network edge used for candidate prioritization only; not direct mechanistic validation.
CDC42	PFN1	0.868	0	0	0	0.324	0.098	0.5	0.617	STRING network edge used for candidate prioritization only; not direct mechanistic validation.
PFN1	RHOA	0.939	0	0	0	0.445	0.211	0.5	0.757	STRING network edge used for candidate prioritization only; not direct mechanistic validation.
CFL1	PFN1	0.994	0	0	0	0.608	0.258	0.4	0.972	STRING network edge used for candidate prioritization only; not direct mechanistic validation.
PFN1	VASP	0.999	0	0	0	0.206	0.969	0.5	0.999	STRING network edge used for candidate prioritization only; not direct mechanistic validation.
ACTB	PFN1	0.999	0	0	0	0.485	0.972	0.9	0.992	STRING network edge used for candidate prioritization only; not direct mechanistic validation.
ATF3	CCL2	0.704	0	0	0	0.21	0	0	0.64	STRING network edge used for candidate prioritization only; not direct mechanistic validation.
CCL2	LOX	0.71	0	0	0	0.142	0	0	0.676	STRING network edge used for candidate prioritization only; not direct mechanistic validation.
CCL2	TIMP2	0.716	0	0	0	0.093	0	0	0.7	STRING network edge used for candidate prioritization only; not direct mechanistic validation.
CCL2	FN1	0.723	0	0	0	0.087	0	0	0.709	STRING network edge used for candidate prioritization only; not direct mechanistic validation.
CCL2	SRC	0.733	0	0	0	0.091	0	0	0.718	STRING network edge used for candidate prioritization only; not direct mechanistic validation.
CCL2	THBS1	0.742	0	0	0	0.194	0	0	0.693	STRING network edge used for candidate prioritization only; not direct mechanistic validation.
CCL2	FOS	0.756	0	0	0	0.106	0	0	0.739	STRING network edge used for candidate prioritization only; not direct mechanistic validation.
CCL2	JUN	0.98	0	0	0	0.083	0	0.9	0.8	STRING network edge used for candidate prioritization only; not direct mechanistic validation.
CCL2	NFKB1	0.982	0	0	0	0.139	0	0.9	0.811	STRING network edge used for candidate prioritization only; not direct mechanistic validation.
CCL2	IL6	0.985	0	0	0	0.517	0	0.4	0.953	STRING network edge used for candidate prioritization only; not direct mechanistic validation.
CCL2	RELA	0.987	0	0	0	0.113	0.51	0.9	0.745	STRING network edge used for candidate prioritization only; not direct mechanistic validation.
CCL2	CXCL8	0.999	0	0	0	0.487	0.994	0.4	0.948	STRING network edge used for candidate prioritization only; not direct mechanistic validation.
COL1A1	TGFBR1	0.721	0	0	0	0	0.084	0	0.707	STRING network edge used for candidate prioritization only; not direct mechanistic validation.
COL1A1	PTK2	0.754	0	0	0	0.055	0	0.65	0.317	STRING network edge used for candidate prioritization only; not direct mechanistic validation.
COL1A1	SMAD3	0.773	0	0	0	0	0.126	0	0.751	STRING network edge used for candidate prioritization only; not direct mechanistic validation.
COL1A1	TAGLN	0.785	0	0	0	0.276	0	0	0.716	STRING network edge used for candidate prioritization only; not direct mechanistic validation.
COL1A1	THY1	0.807	0	0	0	0.337	0	0	0.721	STRING network edge used for candidate prioritization only; not direct mechanistic validation.
COL1A1	LOX	0.808	0	0	0	0.364	0.27	0	0.621	STRING network edge used for candidate prioritization only; not direct mechanistic validation.
COL1A1	PLOD2	0.826	0	0	0	0.167	0.103	0.5	0.588	STRING network edge used for candidate prioritization only; not direct mechanistic validation.
COL1A1	ITGAV	0.874	0	0	0	0.093	0	0.65	0.635	STRING network edge used for candidate prioritization only; not direct mechanistic validation.
COL1A1	ITGA1	0.879	0	0	0	0.095	0	0.65	0.65	STRING network edge used for candidate prioritization only; not direct mechanistic validation.
COL1A1	THBS1	0.896	0	0	0	0.149	0.539	0	0.756	STRING network edge used for candidate prioritization only; not direct mechanistic validation.
COL1A1	POSTN	0.903	0	0	0	0.555	0.076	0	0.783	STRING network edge used for candidate prioritization only; not direct mechanistic validation.
COL1A1	ITGB3	0.932	0	0	0	0.062	0.051	0.65	0.809	STRING network edge used for candidate prioritization only; not direct mechanistic validation.
COL1A1	ITGA5	0.944	0	0	0	0.104	0	0.65	0.838	STRING network edge used for candidate prioritization only; not direct mechanistic validation.
COL1A1	COL6A2	0.954	0	0	0.202	0.697	0.073	0.4	0.716	STRING network edge used for candidate prioritization only; not direct mechanistic validation.
COL1A1	SPARC	0.968	0	0	0	0.743	0.554	0	0.744	STRING network edge used for candidate prioritization only; not direct mechanistic validation.
COL1A1	COL6A1	0.969	0	0	0.191	0.808	0	0.4	0.711	STRING network edge used for candidate prioritization only; not direct mechanistic validation.
COL1A1	COL6A3	0.974	0	0	0	0.685	0	0.4	0.875	STRING network edge used for candidate prioritization only; not direct mechanistic validation.
COL1A1	FN1	0.974	0	0	0	0.335	0.594	0	0.912	STRING network edge used for candidate prioritization only; not direct mechanistic validation.
COL1A1	LUM	0.981	0	0	0	0.552	0.13	0.72	0.854	STRING network edge used for candidate prioritization only; not direct mechanistic validation.
COL1A1	ITGA2	0.983	0	0	0	0.067	0.287	0.9	0.779	STRING network edge used for candidate prioritization only; not direct mechanistic validation.
COL1A1	ITGB1	0.984	0	0	0	0.093	0.294	0.9	0.793	STRING network edge used for candidate prioritization only; not direct mechanistic validation.
COL1A1	COL5A1	0.994	0	0	0.091	0.795	0.23	0.72	0.88	STRING network edge used for candidate prioritization only; not direct mechanistic validation.
COL1A1	COL5A2	0.995	0	0	0.064	0.839	0	0.72	0.912	STRING network edge used for candidate prioritization only; not direct mechanistic validation.
COL1A1	COL3A1	0.999	0	0	0.065	0.958	0	0.9	0.965	STRING network edge used for candidate prioritization only; not direct mechanistic validation.
COL1A1	COL1A2	0.999	0	0	0.061	0.964	0.649	0.9	0.981	STRING network edge used for candidate prioritization only; not direct mechanistic validation.
FN1	NFKB1	0.729	0	0	0	0	0	0	0.729	STRING network edge used for candidate prioritization only; not direct mechanistic validation.
NFKB1	RHOA	0.735	0	0	0	0.105	0.102	0	0.697	STRING network edge used for candidate prioritization only; not direct mechanistic validation.
NFKB1	SRC	0.756	0	0	0	0.08	0.095	0	0.731	STRING network edge used for candidate prioritization only; not direct mechanistic validation.
NFKB1	SMAD3	0.765	0	0	0	0.135	0.046	0	0.738	STRING network edge used for candidate prioritization only; not direct mechanistic validation.
ACTB	NFKB1	0.766	0	0	0	0.054	0.208	0	0.712	STRING network edge used for candidate prioritization only; not direct mechanistic validation.
FOSL2	NFKB1	0.793	0	0	0	0.086	0.053	0	0.78	STRING network edge used for candidate prioritization only; not direct mechanistic validation.
FOS	NFKB1	0.808	0	0	0	0.045	0.053	0	0.805	STRING network edge used for candidate prioritization only; not direct mechanistic validation.
NFKB1	ROCK2	0.924	0	0	0	0.068	0.095	0.9	0.212	STRING network edge used for candidate prioritization only; not direct mechanistic validation.
NFKB1	ROCK1	0.936	0	0	0	0.08	0.095	0.9	0.324	STRING network edge used for candidate prioritization only; not direct mechanistic validation.
CXCL8	NFKB1	0.988	0	0	0	0.143	0	0.9	0.881	STRING network edge used for candidate prioritization only; not direct mechanistic validation.
IL6	NFKB1	0.994	0	0	0	0.176	0	0.9	0.942	STRING network edge used for candidate prioritization only; not direct mechanistic validation.
JUN	NFKB1	0.994	0	0	0	0.093	0.292	0	0.992	STRING network edge used for candidate prioritization only; not direct mechanistic validation.
NFKB1	RELA	0.999	0	0	0	0.182	0.999	0.9	0.986	STRING network edge used for candidate prioritization only; not direct mechanistic validation.
COL5A1	LOX	0.703	0	0	0	0.373	0.091	0	0.521	STRING network edge used for candidate prioritization only; not direct mechanistic validation.
LOX	PLOD2	0.704	0	0	0	0.263	0.045	0	0.613	STRING network edge used for candidate prioritization only; not direct mechanistic validation.
COL6A1	LOX	0.736	0	0	0	0.24	0.277	0	0.558	STRING network edge used for candidate prioritization only; not direct mechanistic validation.
LOX	LOXL2	0.753	0	0	0.072	0.252	0.238	0.5	0.212	STRING network edge used for candidate prioritization only; not direct mechanistic validation.
COL1A2	LOX	0.788	0	0	0	0.361	0.27	0	0.582	STRING network edge used for candidate prioritization only; not direct mechanistic validation.
LOX	THBS1	0.807	0	0	0	0.184	0	0	0.774	STRING network edge used for candidate prioritization only; not direct mechanistic validation.
LOX	POSTN	0.811	0	0	0	0.264	0.046	0	0.753	STRING network edge used for candidate prioritization only; not direct mechanistic validation.
COL3A1	LOX	0.843	0	0	0	0.276	0.27	0	0.727	STRING network edge used for candidate prioritization only; not direct mechanistic validation.
FN1	LOX	0.931	0	0	0	0.233	0.591	0	0.799	STRING network edge used for candidate prioritization only; not direct mechanistic validation.
POSTN	SPARC	0.797	0	0	0	0.292	0	0	0.725	STRING network edge used for candidate prioritization only; not direct mechanistic validation.
SPARC	THBS1	0.847	0	0	0	0.108	0.07	0	0.83	STRING network edge used for candidate prioritization only; not direct mechanistic validation.
COL3A1	SPARC	0.911	0	0	0	0.553	0.635	0	0.499	STRING network edge used for candidate prioritization only; not direct mechanistic validation.
LUM	SPARC	0.954	0	0	0	0.921	0	0	0.45	STRING network edge used for candidate prioritization only; not direct mechanistic validation.
COL1A2	SPARC	0.959	0	0	0	0.849	0.07	0	0.733	STRING network edge used for candidate prioritization only; not direct mechanistic validation.
FN1	SPARC	0.969	0	0	0	0.355	0	0	0.954	STRING network edge used for candidate prioritization only; not direct mechanistic validation.
FOSB	MAFG	0.702	0	0	0	0	0.203	0	0.642	STRING network edge used for candidate prioritization only; not direct mechanistic validation.
ATF3	FOSB	0.941	0	0	0	0.46	0	0	0.895	STRING network edge used for candidate prioritization only; not direct mechanistic validation.
FOSB	FOSL1	0.998	0	0	0.072	0.1	0	0.9	0.985	STRING network edge used for candidate prioritization only; not direct mechanistic validation.
FOSB	FOSL2	0.998	0	0	0	0.176	0	0.9	0.984	STRING network edge used for candidate prioritization only; not direct mechanistic validation.
FOSB	JUN	0.999	0	0	0	0.78	0.807	0.9	0.997	STRING network edge used for candidate prioritization only; not direct mechanistic validation.
FOSB	JUNB	0.999	0	0	0	0.659	0.728	0.9	0.996	STRING network edge used for candidate prioritization only; not direct mechanistic validation.
FOSB	JUND	0.999	0	0	0	0.173	0.964	0.9	0.998	STRING network edge used for candidate prioritization only; not direct mechanistic validation.
FOS	FOSB	0.999	0	0	0.066	0.826	0.359	0.9	0.984	STRING network edge used for candidate prioritization only; not direct mechanistic validation.
FLNB	VASP	0.7	0	0	0	0.06	0.059	0	0.688	STRING network edge used for candidate prioritization only; not direct mechanistic validation.
ITGAV	VASP	0.707	0	0	0	0.042	0	0.65	0.197	STRING network edge used for candidate prioritization only; not direct mechanistic validation.
ITGB1	VASP	0.72	0	0	0	0.071	0	0.65	0.209	STRING network edge used for candidate prioritization only; not direct mechanistic validation.
ITGA5	VASP	0.722	0	0	0	0.072	0	0.65	0.213	STRING network edge used for candidate prioritization only; not direct mechanistic validation.
ITGA2	VASP	0.724	0	0	0	0.044	0	0.65	0.243	STRING network edge used for candidate prioritization only; not direct mechanistic validation.
SRC	VASP	0.727	0	0	0	0.083	0.094	0	0.697	STRING network edge used for candidate prioritization only; not direct mechanistic validation.
FLNA	VASP	0.772	0	0	0	0.228	0.059	0	0.711	STRING network edge used for candidate prioritization only; not direct mechanistic validation.
PTK2	VASP	0.779	0	0	0	0.042	0	0	0.779	STRING network edge used for candidate prioritization only; not direct mechanistic validation.
ITGB3	VASP	0.781	0	0	0	0.091	0	0.65	0.368	STRING network edge used for candidate prioritization only; not direct mechanistic validation.
CFL1	VASP	0.881	0	0	0	0.128	0	0	0.869	STRING network edge used for candidate prioritization only; not direct mechanistic validation.
ACTB	VASP	0.955	0	0	0	0.132	0.219	0.9	0.422	STRING network edge used for candidate prioritization only; not direct mechanistic validation.
PXN	VASP	0.971	0	0	0	0.15	0.12	0	0.964	STRING network edge used for candidate prioritization only; not direct mechanistic validation.
TLN1	VASP	0.981	0	0	0	0.126	0	0	0.979	STRING network edge used for candidate prioritization only; not direct mechanistic validation.
CDC42	VASP	0.991	0	0	0	0.098	0.418	0.9	0.864	STRING network edge used for candidate prioritization only; not direct mechanistic validation.
VASP	ZYX	0.999	0	0	0	0.236	0.798	0	0.999	STRING network edge used for candidate prioritization only; not direct mechanistic validation.
CNN1	MYLK	0.703	0	0	0	0.409	0	0	0.518	STRING network edge used for candidate prioritization only; not direct mechanistic validation.
CNN1	MYL9	0.771	0	0	0	0.514	0.133	0	0.501	STRING network edge used for candidate prioritization only; not direct mechanistic validation.
CNN1	TAGLN	0.781	0	0	0.1	0.711	0.093	0	0.183	STRING network edge used for candidate prioritization only; not direct mechanistic validation.
JUND	SMAD3	0.839	0	0	0	0.063	0.292	0	0.777	STRING network edge used for candidate prioritization only; not direct mechanistic validation.
ATF3	JUND	0.994	0	0	0	0.153	0.684	0	0.98	STRING network edge used for candidate prioritization only; not direct mechanistic validation.
FOSL1	JUND	0.999	0	0	0	0.062	0.76	0.9	0.998	STRING network edge used for candidate prioritization only; not direct mechanistic validation.
JUNB	JUND	0.999	0	0	0.067	0.258	0.704	0.9	0.984	STRING network edge used for candidate prioritization only; not direct mechanistic validation.
JUN	JUND	0.999	0	0	0.054	0.163	0.86	0.9	0.983	STRING network edge used for candidate prioritization only; not direct mechanistic validation.
FOS	JUND	0.999	0	0	0	0.155	0.907	0.9	0.998	STRING network edge used for candidate prioritization only; not direct mechanistic validation.
FOSL2	JUND	0.999	0	0	0	0.1	0.872	0.9	0.999	STRING network edge used for candidate prioritization only; not direct mechanistic validation.
CXCL8	THBS1	0.713	0	0	0	0.115	0	0	0.69	STRING network edge used for candidate prioritization only; not direct mechanistic validation.
ITGA1	THBS1	0.758	0	0	0	0.067	0.045	0.65	0.318	STRING network edge used for candidate prioritization only; not direct mechanistic validation.
PTK2	THBS1	0.764	0	0	0	0.044	0	0.65	0.353	STRING network edge used for candidate prioritization only; not direct mechanistic validation.
IL6	THBS1	0.772	0	0	0	0.211	0	0	0.722	STRING network edge used for candidate prioritization only; not direct mechanistic validation.
COL6A1	THBS1	0.778	0	0	0	0.137	0.328	0.4	0.437	STRING network edge used for candidate prioritization only; not direct mechanistic validation.
THBS1	VCAN	0.778	0	0	0	0.181	0	0	0.741	STRING network edge used for candidate prioritization only; not direct mechanistic validation.
COL6A2	THBS1	0.784	0	0	0	0.11	0.099	0.4	0.604	STRING network edge used for candidate prioritization only; not direct mechanistic validation.
ITGA5	THBS1	0.812	0	0	0	0.132	0.054	0.65	0.424	STRING network edge used for candidate prioritization only; not direct mechanistic validation.
ITGA2	THBS1	0.87	0	0	0	0.074	0.045	0.65	0.63	STRING network edge used for candidate prioritization only; not direct mechanistic validation.
ITGAV	THBS1	0.981	0	0	0	0.156	0.301	0.9	0.724	STRING network edge used for candidate prioritization only; not direct mechanistic validation.
ITGB3	THBS1	0.984	0	0	0	0.146	0.524	0.9	0.656	STRING network edge used for candidate prioritization only; not direct mechanistic validation.
ITGB1	THBS1	0.989	0	0	0	0.145	0.312	0.9	0.837	STRING network edge used for candidate prioritization only; not direct mechanistic validation.
FN1	THBS1	0.999	0	0	0	0.12	0.467	0.72	0.996	STRING network edge used for candidate prioritization only; not direct mechanistic validation.
ITGAV	PARVB	0.702	0	0	0	0.042	0.066	0.65	0.162	STRING network edge used for candidate prioritization only; not direct mechanistic validation.
ITGAV	RHOA	0.713	0	0	0	0.065	0.162	0.5	0.354	STRING network edge used for candidate prioritization only; not direct mechanistic validation.
FLNB	ITGAV	0.724	0	0	0	0.095	0	0.65	0.201	STRING network edge used for candidate prioritization only; not direct mechanistic validation.
FLNA	ITGAV	0.729	0	0	0	0.09	0	0.65	0.219	STRING network edge used for candidate prioritization only; not direct mechanistic validation.
ITGAV	PARVA	0.737	0	0	0	0.085	0.066	0.65	0.224	STRING network edge used for candidate prioritization only; not direct mechanistic validation.
COL6A3	ITGAV	0.743	0	0	0	0.105	0	0.65	0.247	STRING network edge used for candidate prioritization only; not direct mechanistic validation.
COL6A2	ITGAV	0.758	0	0	0	0.093	0	0.65	0.299	STRING network edge used for candidate prioritization only; not direct mechanistic validation.
ITGAV	POSTN	0.772	0	0	0	0.103	0	0	0.756	STRING network edge used for candidate prioritization only; not direct mechanistic validation.
ITGAV	LAMA2	0.773	0	0	0	0.086	0.1	0.65	0.305	STRING network edge used for candidate prioritization only; not direct mechanistic validation.
ACTB	ITGAV	0.799	0	0	0	0.053	0	0.65	0.442	STRING network edge used for candidate prioritization only; not direct mechanistic validation.
ITGAV	PXN	0.858	0	0	0	0.042	0.512	0.5	0.465	STRING network edge used for candidate prioritization only; not direct mechanistic validation.
ITGAV	TLN1	0.871	0	0	0	0.062	0.062	0.65	0.631	STRING network edge used for candidate prioritization only; not direct mechanistic validation.
COL6A1	ITGAV	0.885	0	0	0	0.084	0.292	0.65	0.554	STRING network edge used for candidate prioritization only; not direct mechanistic validation.
COL1A2	ITGAV	0.889	0	0	0	0.178	0	0.65	0.647	STRING network edge used for candidate prioritization only; not direct mechanistic validation.
ITGA1	ITGAV	0.937	0	0	0	0.109	0	0.9	0.349	STRING network edge used for candidate prioritization only; not direct mechanistic validation.
ITGAV	SRC	0.946	0	0	0	0.059	0.071	0.9	0.456	STRING network edge used for candidate prioritization only; not direct mechanistic validation.
ITGA5	ITGAV	0.946	0	0	0.061	0.067	0	0.9	0.46	STRING network edge used for candidate prioritization only; not direct mechanistic validation.
ITGA2	ITGAV	0.967	0	0	0	0.164	0	0.9	0.646	STRING network edge used for candidate prioritization only; not direct mechanistic validation.
ITGAV	PTK2	0.984	0	0	0	0.084	0.701	0.9	0.484	STRING network edge used for candidate prioritization only; not direct mechanistic validation.
ITGAV	ITGB3	0.999	0	0	0	0.062	0.989	0.9	0.999	STRING network edge used for candidate prioritization only; not direct mechanistic validation.
ITGAV	ITGB1	0.999	0	0	0	0.197	0.742	0.9	0.994	STRING network edge used for candidate prioritization only; not direct mechanistic validation.
FN1	ITGAV	0.999	0	0	0	0.126	0.96	0.9	0.997	STRING network edge used for candidate prioritization only; not direct mechanistic validation.
COL1A2	SMAD2	0.703	0	0	0	0	0.308	0	0.588	STRING network edge used for candidate prioritization only; not direct mechanistic validation.
ACTB	SMAD2	0.713	0	0	0	0.085	0.045	0	0.698	STRING network edge used for candidate prioritization only; not direct mechanistic validation.
RHOA	SMAD2	0.731	0	0	0	0.108	0.148	0	0.674	STRING network edge used for candidate prioritization only; not direct mechanistic validation.
FN1	SMAD2	0.765	0	0	0	0	0.045	0	0.764	STRING network edge used for candidate prioritization only; not direct mechanistic validation.
SMAD2	TEAD4	0.789	0	0	0	0.063	0	0.5	0.587	STRING network edge used for candidate prioritization only; not direct mechanistic validation.
JUN	SMAD2	0.925	0	0	0	0	0.424	0	0.875	STRING network edge used for candidate prioritization only; not direct mechanistic validation.
SMAD2	WWTR1	0.933	0	0	0	0	0.25	0.8	0.592	STRING network edge used for candidate prioritization only; not direct mechanistic validation.
SMAD2	YAP1	0.979	0	0	0	0.044	0.446	0.9	0.656	STRING network edge used for candidate prioritization only; not direct mechanistic validation.
SMAD2	TGFBR2	0.998	0	0	0	0.087	0.091	0.9	0.979	STRING network edge used for candidate prioritization only; not direct mechanistic validation.
SMAD2	SMAD3	0.999	0	0	0.048	0.167	0.911	0.9	0.982	STRING network edge used for candidate prioritization only; not direct mechanistic validation.
SMAD2	SMAD4	0.999	0	0	0	0.108	0.999	0.9	0.989	STRING network edge used for candidate prioritization only; not direct mechanistic validation.
SMAD2	TGFBR1	0.999	0	0	0	0.113	0.841	0.9	0.998	STRING network edge used for candidate prioritization only; not direct mechanistic validation.
FN1	TIMP2	0.713	0	0	0	0.126	0.16	0	0.64	STRING network edge used for candidate prioritization only; not direct mechanistic validation.
IL6	TIMP2	0.799	0	0	0	0.086	0	0	0.789	STRING network edge used for candidate prioritization only; not direct mechanistic validation.
MMP14	TIMP2	0.999	0	0	0	0.123	0.842	0.9	0.999	STRING network edge used for candidate prioritization only; not direct mechanistic validation.
FOS	FOSL2	0.998	0	0	0	0.132	0	0.9	0.984	STRING network edge used for candidate prioritization only; not direct mechanistic validation.
FOSL1	FOSL2	0.998	0	0	0	0.085	0	0.9	0.984	STRING network edge used for candidate prioritization only; not direct mechanistic validation.
FOSL2	JUNB	0.999	0	0	0	0.224	0.88	0.9	0.996	STRING network edge used for candidate prioritization only; not direct mechanistic validation.
FOSL2	JUN	0.999	0	0	0	0.164	0.956	0.9	0.998	STRING network edge used for candidate prioritization only; not direct mechanistic validation.
LUM	VCAN	0.71	0	0	0	0.128	0.099	0	0.661	STRING network edge used for candidate prioritization only; not direct mechanistic validation.
COL3A1	VCAN	0.722	0	0	0	0.144	0.091	0	0.672	STRING network edge used for candidate prioritization only; not direct mechanistic validation.
COL1A2	VCAN	0.756	0	0	0	0.183	0.091	0	0.699	STRING network edge used for candidate prioritization only; not direct mechanistic validation.
FN1	VCAN	0.866	0	0	0	0.099	0	0	0.858	STRING network edge used for candidate prioritization only; not direct mechanistic validation.
SRF	TEAD1	0.76	0	0	0	0	0.292	0	0.675	STRING network edge used for candidate prioritization only; not direct mechanistic validation.
CDC42	SRF	0.775	0	0	0	0.047	0.049	0	0.771	STRING network edge used for candidate prioritization only; not direct mechanistic validation.
RHOA	SRF	0.776	0	0	0	0.042	0.049	0	0.774	STRING network edge used for candidate prioritization only; not direct mechanistic validation.
SRF	TAGLN	0.807	0	0	0	0.066	0	0	0.802	STRING network edge used for candidate prioritization only; not direct mechanistic validation.
ITGB1	SRF	0.847	0	0	0	0.044	0.18	0.75	0.312	STRING network edge used for candidate prioritization only; not direct mechanistic validation.
FOS	SRF	0.95	0	0	0	0.072	0	0.75	0.802	STRING network edge used for candidate prioritization only; not direct mechanistic validation.
MRTFB	SRF	0.978	0	0	0	0	0.541	0	0.955	STRING network edge used for candidate prioritization only; not direct mechanistic validation.
MRTFA	SRF	0.999	0	0	0	0.059	0.788	0.9	0.992	STRING network edge used for candidate prioritization only; not direct mechanistic validation.
COL6A2	LUM	0.702	0	0	0	0.365	0.091	0	0.524	STRING network edge used for candidate prioritization only; not direct mechanistic validation.
LUM	MMP14	0.77	0	0	0	0.163	0.6	0	0.37	STRING network edge used for candidate prioritization only; not direct mechanistic validation.
COL6A3	LUM	0.853	0	0	0	0.471	0.094	0	0.719	STRING network edge used for candidate prioritization only; not direct mechanistic validation.
COL5A1	LUM	0.912	0	0	0	0.385	0.094	0.72	0.507	STRING network edge used for candidate prioritization only; not direct mechanistic validation.
LUM	POSTN	0.913	0	0	0	0.569	0.045	0	0.805	STRING network edge used for candidate prioritization only; not direct mechanistic validation.
COL5A2	LUM	0.96	0	0	0	0.59	0.094	0.72	0.668	STRING network edge used for candidate prioritization only; not direct mechanistic validation.
FN1	LUM	0.962	0	0	0	0.472	0	0	0.931	STRING network edge used for candidate prioritization only; not direct mechanistic validation.
COL3A1	LUM	0.986	0	0	0	0.82	0.094	0.72	0.739	STRING network edge used for candidate prioritization only; not direct mechanistic validation.
COL1A2	LUM	0.999	0	0	0	0.964	0.098	0.9	0.817	STRING network edge used for candidate prioritization only; not direct mechanistic validation.
ITGA5	PXN	0.713	0	0	0	0.138	0.046	0	0.68	STRING network edge used for candidate prioritization only; not direct mechanistic validation.
PXN	RAC1	0.715	0	0	0	0.059	0.126	0.5	0.388	STRING network edge used for candidate prioritization only; not direct mechanistic validation.
CAV1	PXN	0.723	0	0	0	0.11	0	0	0.701	STRING network edge used for candidate prioritization only; not direct mechanistic validation.
MYL9	PXN	0.732	0	0	0	0.123	0.107	0.5	0.397	STRING network edge used for candidate prioritization only; not direct mechanistic validation.
CFL1	PXN	0.795	0	0	0	0.098	0.066	0	0.777	STRING network edge used for candidate prioritization only; not direct mechanistic validation.
ITGA1	PXN	0.852	0	0	0	0	0.046	0.8	0.288	STRING network edge used for candidate prioritization only; not direct mechanistic validation.
CDC42	PXN	0.857	0	0	0	0.053	0.126	0	0.841	STRING network edge used for candidate prioritization only; not direct mechanistic validation.
ITGB3	PXN	0.931	0	0	0	0.063	0.314	0.5	0.812	STRING network edge used for candidate prioritization only; not direct mechanistic validation.
PXN	RHOA	0.965	0	0	0	0.088	0.126	0.5	0.924	STRING network edge used for candidate prioritization only; not direct mechanistic validation.
FERMT2	PXN	0.98	0	0	0	0.049	0.905	0	0.795	STRING network edge used for candidate prioritization only; not direct mechanistic validation.
FN1	PXN	0.981	0	0	0	0	0.201	0	0.978	STRING network edge used for candidate prioritization only; not direct mechanistic validation.
FLNB	PXN	0.982	0	0	0	0.11	0.048	0	0.981	STRING network edge used for candidate prioritization only; not direct mechanistic validation.
ITGB1	PXN	0.987	0	0	0	0.084	0.636	0	0.966	STRING network edge used for candidate prioritization only; not direct mechanistic validation.
FLNA	PXN	0.989	0	0	0	0.178	0.048	0	0.987	STRING network edge used for candidate prioritization only; not direct mechanistic validation.
PXN	ZYX	0.992	0	0	0	0.198	0.218	0	0.989	STRING network edge used for candidate prioritization only; not direct mechanistic validation.
PARVB	PXN	0.996	0	0	0	0.062	0.901	0	0.964	STRING network edge used for candidate prioritization only; not direct mechanistic validation.
PXN	SRC	0.999	0	0	0	0.069	0.523	0.9	0.998	STRING network edge used for candidate prioritization only; not direct mechanistic validation.
PTK2	PXN	0.999	0	0	0	0.042	0.945	0.5	0.999	STRING network edge used for candidate prioritization only; not direct mechanistic validation.
PXN	TLN1	0.999	0	0	0	0.133	0.735	0.8	0.999	STRING network edge used for candidate prioritization only; not direct mechanistic validation.
PARVA	PXN	0.999	0	0	0	0.062	0.977	0.9	0.995	STRING network edge used for candidate prioritization only; not direct mechanistic validation.
LATS2	LIMD1	0.966	0	0	0	0	0.564	0.9	0.298	STRING network edge used for candidate prioritization only; not direct mechanistic validation.
LATS1	LIMD1	0.995	0	0	0	0.083	0.712	0.9	0.86	STRING network edge used for candidate prioritization only; not direct mechanistic validation.
CDC42	MYL9	0.726	0	0	0	0.074	0.097	0.5	0.423	STRING network edge used for candidate prioritization only; not direct mechanistic validation.
MYL9	RHOA	0.828	0	0	0	0.091	0.097	0.5	0.631	STRING network edge used for candidate prioritization only; not direct mechanistic validation.
MYL9	TAGLN	0.929	0	0	0	0.658	0.133	0	0.779	STRING network edge used for candidate prioritization only; not direct mechanistic validation.
ACTB	MYL9	0.945	0	0	0	0.122	0.126	0.9	0.368	STRING network edge used for candidate prioritization only; not direct mechanistic validation.
MYL9	ROCK2	0.951	0	0	0	0.044	0.106	0.9	0.502	STRING network edge used for candidate prioritization only; not direct mechanistic validation.
MYL9	ROCK1	0.953	0	0	0	0.042	0.106	0.9	0.522	STRING network edge used for candidate prioritization only; not direct mechanistic validation.
MYL9	MYLK	0.989	0	0	0	0.497	0.125	0.9	0.785	STRING network edge used for candidate prioritization only; not direct mechanistic validation.
ITGA1	PARVA	0.709	0	0	0	0.09	0.054	0.65	0.149	STRING network edge used for candidate prioritization only; not direct mechanistic validation.
FLNA	ITGA1	0.718	0	0	0	0.059	0	0.65	0.213	STRING network edge used for candidate prioritization only; not direct mechanistic validation.
COL3A1	ITGA1	0.723	0	0	0	0.112	0.236	0	0.624	STRING network edge used for candidate prioritization only; not direct mechanistic validation.
ITGA1	SRC	0.734	0	0	0	0	0.071	0.65	0.248	STRING network edge used for candidate prioritization only; not direct mechanistic validation.
ACTB	ITGA1	0.753	0	0	0	0	0	0.65	0.323	STRING network edge used for candidate prioritization only; not direct mechanistic validation.
COL6A3	ITGA1	0.819	0	0	0	0.107	0	0.65	0.468	STRING network edge used for candidate prioritization only; not direct mechanistic validation.
ITGA1	LAMA2	0.849	0	0	0	0.111	0.071	0.65	0.541	STRING network edge used for candidate prioritization only; not direct mechanistic validation.
COL1A2	ITGA1	0.855	0	0	0	0.107	0	0.65	0.575	STRING network edge used for candidate prioritization only; not direct mechanistic validation.
COL6A2	ITGA1	0.864	0	0	0	0.099	0	0.65	0.604	STRING network edge used for candidate prioritization only; not direct mechanistic validation.
ITGA1	PTK2	0.87	0	0	0	0.042	0	0.8	0.375	STRING network edge used for candidate prioritization only; not direct mechanistic validation.
COL6A1	ITGA1	0.87	0	0	0	0.109	0	0.65	0.617	STRING network edge used for candidate prioritization only; not direct mechanistic validation.
ITGA1	TLN1	0.897	0	0	0	0	0.3	0.8	0.328	STRING network edge used for candidate prioritization only; not direct mechanistic validation.
ITGA1	ITGA5	0.947	0	0	0	0.085	0	0.9	0.473	STRING network edge used for candidate prioritization only; not direct mechanistic validation.
FN1	ITGA1	0.948	0	0	0	0.084	0	0.65	0.853	STRING network edge used for candidate prioritization only; not direct mechanistic validation.
ITGA1	ITGA2	0.969	0	0	0	0.067	0	0.9	0.699	STRING network edge used for candidate prioritization only; not direct mechanistic validation.
ITGA1	ITGB3	0.982	0	0	0	0.135	0.114	0.9	0.8	STRING network edge used for candidate prioritization only; not direct mechanistic validation.
ITGA1	ITGB1	0.999	0	0	0	0.095	0.653	0.9	0.996	STRING network edge used for candidate prioritization only; not direct mechanistic validation.
COL3A1	PLOD2	0.713	0	0	0	0.12	0.071	0.5	0.381	STRING network edge used for candidate prioritization only; not direct mechanistic validation.
COL5A2	PLOD2	0.737	0	0	0	0.207	0.071	0.5	0.37	STRING network edge used for candidate prioritization only; not direct mechanistic validation.
COL5A1	PLOD2	0.75	0	0	0	0.183	0.071	0.5	0.42	STRING network edge used for candidate prioritization only; not direct mechanistic validation.
COL1A2	PLOD2	0.817	0	0	0	0.118	0.071	0.5	0.607	STRING network edge used for candidate prioritization only; not direct mechanistic validation.
COL5A2	THY1	0.717	0	0	0	0.425	0	0	0.529	STRING network edge used for candidate prioritization only; not direct mechanistic validation.
COL1A2	THY1	0.734	0	0	0	0.342	0	0	0.612	STRING network edge used for candidate prioritization only; not direct mechanistic validation.
ITGB1	THY1	0.893	0	0	0	0.042	0	0	0.893	STRING network edge used for candidate prioritization only; not direct mechanistic validation.
ITGA5	PARVB	0.707	0	0	0	0.058	0.066	0.65	0.162	STRING network edge used for candidate prioritization only; not direct mechanistic validation.
ITGA5	PARVA	0.735	0	0	0	0.056	0.066	0.65	0.244	STRING network edge used for candidate prioritization only; not direct mechanistic validation.
FLNB	ITGA5	0.737	0	0	0	0.095	0	0.65	0.238	STRING network edge used for candidate prioritization only; not direct mechanistic validation.
ITGA5	LAMA2	0.783	0	0	0	0.056	0.1	0.65	0.356	STRING network edge used for candidate prioritization only; not direct mechanistic validation.
FLNA	ITGA5	0.789	0	0	0	0.219	0	0.65	0.291	STRING network edge used for candidate prioritization only; not direct mechanistic validation.
ACTB	ITGA5	0.801	0	0	0	0.06	0	0.65	0.443	STRING network edge used for candidate prioritization only; not direct mechanistic validation.
COL1A2	ITGA5	0.869	0	0	0	0.083	0	0.65	0.627	STRING network edge used for candidate prioritization only; not direct mechanistic validation.
COL6A3	ITGA5	0.87	0	0	0	0.126	0	0.65	0.61	STRING network edge used for candidate prioritization only; not direct mechanistic validation.
COL6A2	ITGA5	0.892	0	0	0	0.233	0	0.65	0.632	STRING network edge used for candidate prioritization only; not direct mechanistic validation.
COL6A1	ITGA5	0.922	0	0	0	0.136	0	0.65	0.763	STRING network edge used for candidate prioritization only; not direct mechanistic validation.
ITGA5	SRC	0.949	0	0	0	0.106	0.071	0.9	0.459	STRING network edge used for candidate prioritization only; not direct mechanistic validation.
ITGA2	ITGA5	0.962	0	0	0	0.086	0	0.9	0.626	STRING network edge used for candidate prioritization only; not direct mechanistic validation.
ITGA5	PTK2	0.972	0	0	0	0.059	0	0.9	0.73	STRING network edge used for candidate prioritization only; not direct mechanistic validation.
ITGA5	TLN1	0.978	0	0	0	0.252	0.242	0.9	0.665	STRING network edge used for candidate prioritization only; not direct mechanistic validation.
ITGA5	ITGB3	0.999	0	0	0	0.126	0.659	0.9	0.98	STRING network edge used for candidate prioritization only; not direct mechanistic validation.
ITGA5	ITGB1	0.999	0	0	0	0.128	0.989	0.9	0.999	STRING network edge used for candidate prioritization only; not direct mechanistic validation.
FN1	ITGA5	0.999	0	0	0	0.11	0.986	0.9	0.998	STRING network edge used for candidate prioritization only; not direct mechanistic validation.
COL6A3	FN1	0.736	0	0	0	0.185	0.05	0	0.686	STRING network edge used for candidate prioritization only; not direct mechanistic validation.
COL6A3	ITGA2	0.781	0	0	0	0.053	0	0.65	0.394	STRING network edge used for candidate prioritization only; not direct mechanistic validation.
COL6A3	POSTN	0.819	0	0	0	0.482	0.076	0	0.653	STRING network edge used for candidate prioritization only; not direct mechanistic validation.
COL6A3	ITGB3	0.829	0	0	0	0.074	0.051	0.65	0.51	STRING network edge used for candidate prioritization only; not direct mechanistic validation.
COL6A3	ITGB1	0.859	0	0	0	0.08	0.051	0.65	0.594	STRING network edge used for candidate prioritization only; not direct mechanistic validation.
COL5A1	COL6A3	0.892	0	0	0	0.462	0.23	0.4	0.617	STRING network edge used for candidate prioritization only; not direct mechanistic validation.
COL5A2	COL6A3	0.935	0	0	0	0.523	0	0.4	0.792	STRING network edge used for candidate prioritization only; not direct mechanistic validation.
COL3A1	COL6A3	0.952	0	0	0	0.613	0	0.4	0.812	STRING network edge used for candidate prioritization only; not direct mechanistic validation.
COL1A2	COL6A3	0.968	0	0	0	0.789	0	0.4	0.772	STRING network edge used for candidate prioritization only; not direct mechanistic validation.
COL6A2	COL6A3	0.994	0	0	0	0.619	0.073	0.4	0.978	STRING network edge used for candidate prioritization only; not direct mechanistic validation.
COL6A1	COL6A3	0.994	0	0	0	0.523	0	0.72	0.963	STRING network edge used for candidate prioritization only; not direct mechanistic validation.
ITGA2	PARVB	0.7	0	0	0	0.047	0.054	0.65	0.162	STRING network edge used for candidate prioritization only; not direct mechanistic validation.
ITGA2	PARVA	0.722	0	0	0	0.084	0.054	0.65	0.192	STRING network edge used for candidate prioritization only; not direct mechanistic validation.
FLNA	ITGA2	0.733	0	0	0	0.066	0	0.65	0.25	STRING network edge used for candidate prioritization only; not direct mechanistic validation.
FLNB	ITGA2	0.736	0	0	0	0.102	0	0.65	0.228	STRING network edge used for candidate prioritization only; not direct mechanistic validation.
ITGA2	LAMA2	0.768	0	0	0	0	0.071	0.65	0.343	STRING network edge used for candidate prioritization only; not direct mechanistic validation.
ITGA2	TLN1	0.796	0	0	0	0.065	0.053	0.65	0.421	STRING network edge used for candidate prioritization only; not direct mechanistic validation.
ITGA2	SRC	0.812	0	0	0	0.049	0.091	0.65	0.452	STRING network edge used for candidate prioritization only; not direct mechanistic validation.
COL6A2	ITGA2	0.818	0	0	0	0.067	0	0.65	0.487	STRING network edge used for candidate prioritization only; not direct mechanistic validation.
COL6A1	ITGA2	0.857	0	0	0	0.105	0	0.65	0.582	STRING network edge used for candidate prioritization only; not direct mechanistic validation.
ACTB	ITGA2	0.86	0	0	0	0.056	0	0.65	0.611	STRING network edge used for candidate prioritization only; not direct mechanistic validation.
ITGA2	PTK2	0.94	0	0	0	0.063	0	0.9	0.417	STRING network edge used for candidate prioritization only; not direct mechanistic validation.
COL1A2	ITGA2	0.973	0	0	0	0.043	0.287	0.9	0.656	STRING network edge used for candidate prioritization only; not direct mechanistic validation.
COL3A1	ITGA2	0.976	0	0	0	0.043	0.236	0.9	0.72	STRING network edge used for candidate prioritization only; not direct mechanistic validation.
ITGA2	ITGB3	0.984	0	0	0	0.145	0.114	0.9	0.823	STRING network edge used for candidate prioritization only; not direct mechanistic validation.
FN1	ITGA2	0.986	0	0	0	0.083	0	0.65	0.962	STRING network edge used for candidate prioritization only; not direct mechanistic validation.
ITGA2	ITGB1	0.999	0	0	0	0.117	0.743	0.9	0.997	STRING network edge used for candidate prioritization only; not direct mechanistic validation.
COL1A2	SMAD4	0.715	0	0	0	0	0.053	0.5	0.446	STRING network edge used for candidate prioritization only; not direct mechanistic validation.
COL1A2	PTK2	0.727	0	0	0	0.062	0	0.65	0.235	STRING network edge used for candidate prioritization only; not direct mechanistic validation.
COL1A2	TAGLN	0.744	0	0	0	0.413	0	0	0.581	STRING network edge used for candidate prioritization only; not direct mechanistic validation.
COL1A2	SMAD3	0.799	0	0	0	0	0.063	0.5	0.607	STRING network edge used for candidate prioritization only; not direct mechanistic validation.
COL1A2	COL6A1	0.875	0	0	0.183	0.67	0	0.4	0.321	STRING network edge used for candidate prioritization only; not direct mechanistic validation.
COL1A2	ITGB3	0.884	0	0	0	0.062	0.051	0.65	0.672	STRING network edge used for candidate prioritization only; not direct mechanistic validation.
COL1A2	COL6A2	0.908	0	0	0.196	0.555	0.073	0.4	0.611	STRING network edge used for candidate prioritization only; not direct mechanistic validation.
COL1A2	POSTN	0.918	0	0	0	0.522	0.099	0	0.826	STRING network edge used for candidate prioritization only; not direct mechanistic validation.
COL1A2	FN1	0.982	0	0	0	0.54	0.05	0.4	0.942	STRING network edge used for candidate prioritization only; not direct mechanistic validation.
COL1A2	ITGB1	0.988	0	0	0	0.109	0.051	0.9	0.883	STRING network edge used for candidate prioritization only; not direct mechanistic validation.
COL1A2	COL5A1	0.989	0	0	0.091	0.66	0.259	0.72	0.864	STRING network edge used for candidate prioritization only; not direct mechanistic validation.
COL1A2	COL5A2	0.998	0	0	0.072	0.884	0.098	0.72	0.949	STRING network edge used for candidate prioritization only; not direct mechanistic validation.
COL1A2	COL3A1	0.999	0	0	0.076	0.999	0.229	0.9	0.966	STRING network edge used for candidate prioritization only; not direct mechanistic validation.
COL6A2	FN1	0.802	0	0	0	0.212	0.05	0	0.757	STRING network edge used for candidate prioritization only; not direct mechanistic validation.
COL6A2	ITGB1	0.817	0	0	0	0.074	0.047	0.65	0.48	STRING network edge used for candidate prioritization only; not direct mechanistic validation.
COL6A2	ITGB3	0.831	0	0	0	0.099	0.047	0.65	0.504	STRING network edge used for candidate prioritization only; not direct mechanistic validation.
COL5A2	COL6A2	0.856	0	0	0.139	0.422	0.073	0.4	0.56	STRING network edge used for candidate prioritization only; not direct mechanistic validation.
COL5A1	COL6A2	0.862	0	0	0.119	0.462	0.27	0.4	0.437	STRING network edge used for candidate prioritization only; not direct mechanistic validation.
COL3A1	COL6A2	0.894	0	0	0.182	0.487	0.073	0.4	0.614	STRING network edge used for candidate prioritization only; not direct mechanistic validation.
COL6A1	COL6A2	0.998	0	0	0.122	0.926	0	0.4	0.965	STRING network edge used for candidate prioritization only; not direct mechanistic validation.
JUNB	SMAD4	0.74	0	0	0	0.06	0.327	0.5	0.275	STRING network edge used for candidate prioritization only; not direct mechanistic validation.
JUNB	SMAD3	0.852	0	0	0	0.054	0.294	0.5	0.608	STRING network edge used for candidate prioritization only; not direct mechanistic validation.
ATF3	JUNB	0.964	0	0	0	0.404	0.774	0	0.754	STRING network edge used for candidate prioritization only; not direct mechanistic validation.
JUN	JUNB	0.999	0	0	0	0.543	0.639	0.9	0.983	STRING network edge used for candidate prioritization only; not direct mechanistic validation.
FOSL1	JUNB	0.999	0	0	0	0.101	0.83	0.9	0.996	STRING network edge used for candidate prioritization only; not direct mechanistic validation.
FOS	JUNB	0.999	0	0	0	0.809	0.907	0.9	0.995	STRING network edge used for candidate prioritization only; not direct mechanistic validation.
COL3A1	TGFBR1	0.746	0	0	0	0	0.084	0	0.734	STRING network edge used for candidate prioritization only; not direct mechanistic validation.
COL3A1	TGFBR2	0.75	0	0	0	0.082	0.084	0	0.727	STRING network edge used for candidate prioritization only; not direct mechanistic validation.
COL3A1	ITGB3	0.786	0	0	0	0.067	0.051	0	0.777	STRING network edge used for candidate prioritization only; not direct mechanistic validation.
COL3A1	COL6A1	0.926	0	0	0.18	0.676	0	0.4	0.594	STRING network edge used for candidate prioritization only; not direct mechanistic validation.
COL3A1	FN1	0.928	0	0	0	0.447	0.05	0	0.874	STRING network edge used for candidate prioritization only; not direct mechanistic validation.
COL3A1	ITGB1	0.942	0	0	0	0.08	0.051	0.9	0.414	STRING network edge used for candidate prioritization only; not direct mechanistic validation.
COL3A1	POSTN	0.976	0	0	0	0.791	0.076	0	0.886	STRING network edge used for candidate prioritization only; not direct mechanistic validation.
COL3A1	COL5A1	0.983	0	0	0.094	0.786	0	0.72	0.731	STRING network edge used for candidate prioritization only; not direct mechanistic validation.
COL3A1	COL5A2	0.998	0	0	0.075	0.906	0	0.72	0.962	STRING network edge used for candidate prioritization only; not direct mechanistic validation.
ACTB	FOS	0.722	0	0	0	0.085	0.053	0	0.705	STRING network edge used for candidate prioritization only; not direct mechanistic validation.
FOS	YAP1	0.756	0	0	0	0	0	0	0.756	STRING network edge used for candidate prioritization only; not direct mechanistic validation.
CXCL8	FOS	0.765	0	0	0	0.179	0	0	0.726	STRING network edge used for candidate prioritization only; not direct mechanistic validation.
FN1	FOS	0.782	0	0	0	0	0	0	0.782	STRING network edge used for candidate prioritization only; not direct mechanistic validation.
FOS	MAFG	0.794	0	0	0	0.086	0.203	0	0.74	STRING network edge used for candidate prioritization only; not direct mechanistic validation.
FOS	SMAD4	0.822	0	0	0	0	0	0	0.822	STRING network edge used for candidate prioritization only; not direct mechanistic validation.
FOS	MAFF	0.847	0	0	0	0.183	0.286	0	0.76	STRING network edge used for candidate prioritization only; not direct mechanistic validation.
FOS	IL6	0.891	0	0	0	0.14	0	0	0.879	STRING network edge used for candidate prioritization only; not direct mechanistic validation.
FOS	RELA	0.917	0	0	0	0.101	0.528	0	0.82	STRING network edge used for candidate prioritization only; not direct mechanistic validation.
FOS	SMAD3	0.976	0	0	0	0	0.51	0	0.954	STRING network edge used for candidate prioritization only; not direct mechanistic validation.
FOS	SRC	0.986	0	0	0	0.102	0.096	0.9	0.848	STRING network edge used for candidate prioritization only; not direct mechanistic validation.
ATF3	FOS	0.994	0	0	0	0.47	0.353	0	0.984	STRING network edge used for candidate prioritization only; not direct mechanistic validation.
FOS	FOSL1	0.998	0	0	0	0.048	0	0.9	0.984	STRING network edge used for candidate prioritization only; not direct mechanistic validation.
FOS	JUN	0.999	0	0	0	0.69	0.999	0.9	0.999	STRING network edge used for candidate prioritization only; not direct mechanistic validation.
ACTB	CXCL8	0.729	0	0	0	0	0	0	0.729	STRING network edge used for candidate prioritization only; not direct mechanistic validation.
CXCL8	SRC	0.781	0	0	0	0	0	0.5	0.581	STRING network edge used for candidate prioritization only; not direct mechanistic validation.
CXCL8	FN1	0.846	0	0	0	0.047	0	0	0.846	STRING network edge used for candidate prioritization only; not direct mechanistic validation.
CXCL8	JUN	0.987	0	0	0	0.203	0.292	0.9	0.802	STRING network edge used for candidate prioritization only; not direct mechanistic validation.
CXCL8	IL6	0.991	0	0	0	0.445	0	0.4	0.976	STRING network edge used for candidate prioritization only; not direct mechanistic validation.
CXCL8	RELA	0.995	0	0	0	0.062	0.785	0.9	0.82	STRING network edge used for candidate prioritization only; not direct mechanistic validation.
MMP14	SRC	0.742	0	0	0	0.105	0	0	0.724	STRING network edge used for candidate prioritization only; not direct mechanistic validation.
CAV1	MMP14	0.794	0	0	0	0.142	0.292	0	0.689	STRING network edge used for candidate prioritization only; not direct mechanistic validation.
FN1	MMP14	0.818	0	0	0	0.183	0	0	0.787	STRING network edge used for candidate prioritization only; not direct mechanistic validation.
FOSL1	RELA	0.876	0	0	0	0.097	0.094	0	0.861	STRING network edge used for candidate prioritization only; not direct mechanistic validation.
ATF3	FOSL1	0.88	0	0	0	0.07	0.193	0	0.853	STRING network edge used for candidate prioritization only; not direct mechanistic validation.
FOSL1	JUN	0.999	0	0	0	0.09	0.872	0.9	0.996	STRING network edge used for candidate prioritization only; not direct mechanistic validation.
FERMT2	TLN1	0.705	0	0	0	0.053	0	0	0.701	STRING network edge used for candidate prioritization only; not direct mechanistic validation.
RHOA	TLN1	0.788	0	0	0	0.118	0	0	0.77	STRING network edge used for candidate prioritization only; not direct mechanistic validation.
CDC42	TLN1	0.789	0	0	0	0.099	0	0	0.776	STRING network edge used for candidate prioritization only; not direct mechanistic validation.
PARVB	TLN1	0.913	0	0	0	0.082	0	0	0.909	STRING network edge used for candidate prioritization only; not direct mechanistic validation.
PARVA	TLN1	0.939	0	0	0	0.048	0	0	0.938	STRING network edge used for candidate prioritization only; not direct mechanistic validation.
ACTB	TLN1	0.96	0	0	0	0.074	0.053	0.9	0.603	STRING network edge used for candidate prioritization only; not direct mechanistic validation.
FN1	TLN1	0.992	0	0	0	0.042	0.071	0.4	0.988	STRING network edge used for candidate prioritization only; not direct mechanistic validation.
FLNB	TLN1	0.995	0	0	0	0.081	0	0	0.995	STRING network edge used for candidate prioritization only; not direct mechanistic validation.
FLNA	TLN1	0.998	0	0	0	0.243	0	0.4	0.996	STRING network edge used for candidate prioritization only; not direct mechanistic validation.
ITGB1	TLN1	0.999	0	0	0	0.092	0.819	0.9	0.993	STRING network edge used for candidate prioritization only; not direct mechanistic validation.
ITGB3	TLN1	0.999	0	0	0	0.114	0.809	0.9	0.99	STRING network edge used for candidate prioritization only; not direct mechanistic validation.
TLN1	ZYX	0.999	0	0	0	0.546	0	0	0.999	STRING network edge used for candidate prioritization only; not direct mechanistic validation.
SRC	TLN1	0.999	0	0	0	0.075	0.292	0.9	0.996	STRING network edge used for candidate prioritization only; not direct mechanistic validation.
PTK2	TLN1	0.999	0	0	0	0.056	0.629	0.9	0.997	STRING network edge used for candidate prioritization only; not direct mechanistic validation.
CFL1	ROCK2	0.876	0	0	0	0.052	0.071	0.5	0.752	STRING network edge used for candidate prioritization only; not direct mechanistic validation.
RELA	ROCK2	0.923	0	0	0	0.092	0.106	0.9	0.164	STRING network edge used for candidate prioritization only; not direct mechanistic validation.
ROCK1	ROCK2	0.988	0	0	0.056	0.195	0.781	0.9	0.409	STRING network edge used for candidate prioritization only; not direct mechanistic validation.
RHOA	ROCK2	0.998	0	0	0	0.088	0.541	0.9	0.974	STRING network edge used for candidate prioritization only; not direct mechanistic validation.
FN1	ZYX	0.73	0	0	0	0.042	0.239	0	0.66	STRING network edge used for candidate prioritization only; not direct mechanistic validation.
FLNA	ZYX	0.779	0	0	0	0.306	0	0	0.694	STRING network edge used for candidate prioritization only; not direct mechanistic validation.
SRC	ZYX	0.856	0	0	0	0.073	0.057	0	0.848	STRING network edge used for candidate prioritization only; not direct mechanistic validation.
LATS1	ZYX	0.865	0	0	0	0	0.369	0	0.795	STRING network edge used for candidate prioritization only; not direct mechanistic validation.
PTK2	ZYX	0.934	0	0	0	0.042	0	0	0.934	STRING network edge used for candidate prioritization only; not direct mechanistic validation.
ACTB	ZYX	0.942	0	0	0	0.143	0.124	0.9	0.319	STRING network edge used for candidate prioritization only; not direct mechanistic validation.
FN1	SMAD3	0.73	0	0	0	0.062	0.045	0	0.722	STRING network edge used for candidate prioritization only; not direct mechanistic validation.
ACTB	SMAD3	0.76	0	0	0	0.067	0.294	0	0.665	STRING network edge used for candidate prioritization only; not direct mechanistic validation.
SMAD3	WWTR1	0.881	0	0	0	0	0.25	0.8	0.274	STRING network edge used for candidate prioritization only; not direct mechanistic validation.
SMAD3	TEAD4	0.899	0	0	0	0.063	0	0.5	0.801	STRING network edge used for candidate prioritization only; not direct mechanistic validation.
RELA	SMAD3	0.95	0	0	0	0.079	0.131	0	0.943	STRING network edge used for candidate prioritization only; not direct mechanistic validation.
SMAD3	YAP1	0.965	0	0	0	0.062	0.446	0.9	0.419	STRING network edge used for candidate prioritization only; not direct mechanistic validation.
ATF3	SMAD3	0.988	0	0	0	0.044	0.51	0	0.976	STRING network edge used for candidate prioritization only; not direct mechanistic validation.
JUN	SMAD3	0.997	0	0	0	0.049	0.786	0	0.989	STRING network edge used for candidate prioritization only; not direct mechanistic validation.
SMAD3	TGFBR2	0.998	0	0	0	0.166	0.091	0.9	0.985	STRING network edge used for candidate prioritization only; not direct mechanistic validation.
SMAD3	SMAD4	0.999	0	0	0	0.087	0.999	0.9	0.988	STRING network edge used for candidate prioritization only; not direct mechanistic validation.
SMAD3	TGFBR1	0.999	0	0	0	0.089	0.658	0.9	0.994	STRING network edge used for candidate prioritization only; not direct mechanistic validation.
ITGB3	PARVA	0.76	0	0	0	0.055	0.091	0.65	0.297	STRING network edge used for candidate prioritization only; not direct mechanistic validation.
ITGB1	PARVA	0.808	0	0	0	0.118	0.091	0.65	0.397	STRING network edge used for candidate prioritization only; not direct mechanistic validation.
FERMT2	PARVA	0.893	0	0	0	0.206	0.354	0	0.809	STRING network edge used for candidate prioritization only; not direct mechanistic validation.
ACTB	PARVA	0.957	0	0	0	0.054	0.488	0.9	0.228	STRING network edge used for candidate prioritization only; not direct mechanistic validation.
PARVA	PARVB	0.987	0	0	0.056	0.042	0.836	0.9	0.279	STRING network edge used for candidate prioritization only; not direct mechanistic validation.
CAV1	IL6	0.714	0	0	0	0.084	0	0	0.701	STRING network edge used for candidate prioritization only; not direct mechanistic validation.
CAV1	CDC42	0.739	0	0	0	0.045	0.166	0.4	0.518	STRING network edge used for candidate prioritization only; not direct mechanistic validation.
CAV1	ITGB3	0.756	0	0	0	0.08	0	0.65	0.305	STRING network edge used for candidate prioritization only; not direct mechanistic validation.
CAV1	FN1	0.771	0	0	0	0.195	0	0	0.727	STRING network edge used for candidate prioritization only; not direct mechanistic validation.
CAV1	FLNB	0.869	0	0	0	0.11	0	0	0.859	STRING network edge used for candidate prioritization only; not direct mechanistic validation.
ACTB	CAV1	0.87	0	0	0	0.085	0.469	0.4	0.608	STRING network edge used for candidate prioritization only; not direct mechanistic validation.
CAV1	RHOA	0.898	0	0	0	0.056	0.377	0.4	0.745	STRING network edge used for candidate prioritization only; not direct mechanistic validation.
CAV1	TGFBR1	0.907	0	0	0	0	0.376	0	0.858	STRING network edge used for candidate prioritization only; not direct mechanistic validation.
CAV1	FLNA	0.908	0	0	0	0.109	0	0	0.901	STRING network edge used for candidate prioritization only; not direct mechanistic validation.
CAV1	RAC1	0.908	0	0	0	0.059	0.756	0.5	0.291	STRING network edge used for candidate prioritization only; not direct mechanistic validation.
CAV1	ITGB1	0.98	0	0	0	0.109	0.076	0.65	0.941	STRING network edge used for candidate prioritization only; not direct mechanistic validation.
CAV1	SRC	0.999	0	0	0	0.051	0.622	0.9	0.994	STRING network edge used for candidate prioritization only; not direct mechanistic validation.
CDC42	PTK2	0.895	0	0	0	0.08	0	0.5	0.791	STRING network edge used for candidate prioritization only; not direct mechanistic validation.
FN1	PTK2	0.937	0	0	0	0.084	0	0.65	0.822	STRING network edge used for candidate prioritization only; not direct mechanistic validation.
PTK2	RHOA	0.983	0	0	0	0.086	0	0.9	0.83	STRING network edge used for candidate prioritization only; not direct mechanistic validation.
ITGB3	PTK2	0.99	0	0	0	0.11	0.648	0.9	0.723	STRING network edge used for candidate prioritization only; not direct mechanistic validation.
ITGB1	PTK2	0.997	0	0	0	0.13	0.644	0.9	0.928	STRING network edge used for candidate prioritization only; not direct mechanistic validation.
PTK2	SRC	0.999	0	0	0	0.072	0.929	0.9	0.987	STRING network edge used for candidate prioritization only; not direct mechanistic validation.
IL6	SMAD4	0.704	0	0	0	0.054	0	0	0.7	STRING network edge used for candidate prioritization only; not direct mechanistic validation.
SMAD4	SRC	0.725	0	0	0	0.042	0.091	0	0.71	STRING network edge used for candidate prioritization only; not direct mechanistic validation.
SMAD4	WWTR1	0.875	0	0	0	0	0.25	0.8	0.235	STRING network edge used for candidate prioritization only; not direct mechanistic validation.
SMAD4	YAP1	0.943	0	0	0	0.056	0.25	0.8	0.647	STRING network edge used for candidate prioritization only; not direct mechanistic validation.
JUN	SMAD4	0.989	0	0	0	0	0.166	0	0.987	STRING network edge used for candidate prioritization only; not direct mechanistic validation.
SMAD4	TGFBR2	0.996	0	0	0	0.049	0.091	0.9	0.96	STRING network edge used for candidate prioritization only; not direct mechanistic validation.
SMAD4	TGFBR1	0.998	0	0	0	0.073	0.535	0.9	0.974	STRING network edge used for candidate prioritization only; not direct mechanistic validation.
FERMT2	FLNB	0.757	0	0	0	0.062	0.088	0	0.739	STRING network edge used for candidate prioritization only; not direct mechanistic validation.
FERMT2	ITGB3	0.761	0	0	0	0.059	0.12	0	0.735	STRING network edge used for candidate prioritization only; not direct mechanistic validation.
FERMT2	ITGB1	0.796	0	0	0	0.085	0.369	0	0.674	STRING network edge used for candidate prioritization only; not direct mechanistic validation.
FERMT2	FLNA	0.852	0	0	0	0.056	0.098	0	0.84	STRING network edge used for candidate prioritization only; not direct mechanistic validation.
ATF3	RELA	0.716	0	0	0	0.073	0.331	0	0.578	STRING network edge used for candidate prioritization only; not direct mechanistic validation.
ACTB	ATF3	0.766	0	0	0	0	0.3	0	0.679	STRING network edge used for candidate prioritization only; not direct mechanistic validation.
ATF3	IL6	0.779	0	0	0	0.233	0	0	0.724	STRING network edge used for candidate prioritization only; not direct mechanistic validation.
ATF3	MAFF	0.868	0	0	0	0.503	0.281	0	0.661	STRING network edge used for candidate prioritization only; not direct mechanistic validation.
ATF3	JUN	0.999	0	0	0	0.55	0.931	0	0.995	STRING network edge used for candidate prioritization only; not direct mechanistic validation.
TEAD3	WWTR1	0.994	0	0	0	0.083	0.88	0.9	0.583	STRING network edge used for candidate prioritization only; not direct mechanistic validation.
TEAD3	YAP1	0.998	0	0	0	0.251	0.836	0.9	0.882	STRING network edge used for candidate prioritization only; not direct mechanistic validation.
FN1	TGFBR2	0.722	0	0	0	0.085	0	0	0.708	STRING network edge used for candidate prioritization only; not direct mechanistic validation.
FN1	RHOA	0.734	0	0	0	0.079	0	0	0.722	STRING network edge used for candidate prioritization only; not direct mechanistic validation.
CDC42	FN1	0.743	0	0	0	0	0	0	0.743	STRING network edge used for candidate prioritization only; not direct mechanistic validation.
COL6A1	FN1	0.78	0	0	0	0.232	0.05	0	0.722	STRING network edge used for candidate prioritization only; not direct mechanistic validation.
FLNA	FN1	0.809	0	0	0	0.08	0.072	0	0.794	STRING network edge used for candidate prioritization only; not direct mechanistic validation.
FN1	LOXL2	0.819	0	0	0	0.186	0.405	0	0.657	STRING network edge used for candidate prioritization only; not direct mechanistic validation.
COL5A2	FN1	0.83	0	0	0	0.328	0.05	0	0.755	STRING network edge used for candidate prioritization only; not direct mechanistic validation.
COL5A1	FN1	0.84	0	0	0	0.292	0.298	0	0.703	STRING network edge used for candidate prioritization only; not direct mechanistic validation.
ACTB	FN1	0.886	0	0	0	0.043	0.045	0	0.886	STRING network edge used for candidate prioritization only; not direct mechanistic validation.
FN1	IL6	0.9	0	0	0	0.087	0	0	0.895	STRING network edge used for candidate prioritization only; not direct mechanistic validation.
FN1	SRC	0.945	0	0	0	0.042	0	0.4	0.912	STRING network edge used for candidate prioritization only; not direct mechanistic validation.
FN1	POSTN	0.996	0	0	0	0.246	0.05	0	0.995	STRING network edge used for candidate prioritization only; not direct mechanistic validation.
FN1	ITGB3	0.999	0	0	0	0.072	0.977	0.9	0.995	STRING network edge used for candidate prioritization only; not direct mechanistic validation.
FN1	ITGB1	0.999	0	0	0	0.099	0.981	0.9	0.998	STRING network edge used for candidate prioritization only; not direct mechanistic validation.
ITGB1	RAC1	0.721	0	0	0	0.203	0.128	0.5	0.292	STRING network edge used for candidate prioritization only; not direct mechanistic validation.
RAC1	RHOA	0.77	0	0	0.058	0.196	0.191	0.5	0.365	STRING network edge used for candidate prioritization only; not direct mechanistic validation.
ACTB	RAC1	0.823	0	0	0	0.182	0.259	0.5	0.484	STRING network edge used for candidate prioritization only; not direct mechanistic validation.
RAC1	SRC	0.856	0	0	0	0.137	0.342	0.4	0.628	STRING network edge used for candidate prioritization only; not direct mechanistic validation.
CDC42	RAC1	0.872	0	0	0.055	0.108	0.207	0.7	0.462	STRING network edge used for candidate prioritization only; not direct mechanistic validation.
JUN	MAFG	0.702	0	0	0	0.052	0.073	0	0.688	STRING network edge used for candidate prioritization only; not direct mechanistic validation.
MAFF	MAFG	0.91	0	0	0.063	0.084	0.237	0.5	0.77	STRING network edge used for candidate prioritization only; not direct mechanistic validation.
SRC	TGFBR2	0.854	0	0	0	0.083	0	0	0.848	STRING network edge used for candidate prioritization only; not direct mechanistic validation.
TGFBR2	YAP1	0.932	0	0	0	0.065	0.071	0.9	0.318	STRING network edge used for candidate prioritization only; not direct mechanistic validation.
RHOA	TGFBR2	0.952	0	0	0	0.106	0.11	0.9	0.474	STRING network edge used for candidate prioritization only; not direct mechanistic validation.
TGFBR1	TGFBR2	0.999	0	0	0	0.132	0.986	0.9	0.986	STRING network edge used for candidate prioritization only; not direct mechanistic validation.
LATS1	TEAD4	0.726	0	0	0	0	0.102	0	0.707	STRING network edge used for candidate prioritization only; not direct mechanistic validation.
TEAD2	TEAD4	0.912	0	0	0.06	0.11	0.809	0.5	0.076	STRING network edge used for candidate prioritization only; not direct mechanistic validation.
TEAD1	TEAD4	0.922	0	0	0.053	0.109	0.835	0.5	0.064	STRING network edge used for candidate prioritization only; not direct mechanistic validation.
TEAD4	WWTR1	0.998	0	0	0	0.081	0.934	0.9	0.785	STRING network edge used for candidate prioritization only; not direct mechanistic validation.
TEAD4	YAP1	0.999	0	0	0	0.139	0.992	0.9	0.992	STRING network edge used for candidate prioritization only; not direct mechanistic validation.
COL6A1	LAMA2	0.762	0	0	0	0.186	0.067	0	0.712	STRING network edge used for candidate prioritization only; not direct mechanistic validation.
COL6A1	ITGB1	0.776	0	0	0	0.119	0.045	0.65	0.329	STRING network edge used for candidate prioritization only; not direct mechanistic validation.
COL6A1	ITGB3	0.844	0	0	0	0.088	0.045	0.65	0.548	STRING network edge used for candidate prioritization only; not direct mechanistic validation.
COL5A1	COL6A1	0.879	0	0	0.106	0.445	0.23	0.4	0.554	STRING network edge used for candidate prioritization only; not direct mechanistic validation.
COL5A2	COL6A1	0.904	0	0	0.148	0.509	0	0.4	0.662	STRING network edge used for candidate prioritization only; not direct mechanistic validation.
ACTB	LMNA	0.784	0	0	0	0.066	0.312	0	0.69	STRING network edge used for candidate prioritization only; not direct mechanistic validation.
ACTB	FLNA	0.75	0	0	0	0.144	0.205	0	0.661	STRING network edge used for candidate prioritization only; not direct mechanistic validation.
FLNA	SRC	0.809	0	0	0	0.084	0.19	0	0.763	STRING network edge used for candidate prioritization only; not direct mechanistic validation.
CFL1	FLNA	0.916	0	0	0	0.099	0.231	0	0.888	STRING network edge used for candidate prioritization only; not direct mechanistic validation.
FLNA	RHOA	0.933	0	0	0	0.095	0.048	0	0.928	STRING network edge used for candidate prioritization only; not direct mechanistic validation.
CDC42	FLNA	0.976	0	0	0	0.047	0.048	0.5	0.954	STRING network edge used for candidate prioritization only; not direct mechanistic validation.
FLNA	FLNB	0.979	0	0	0.053	0.14	0.658	0.9	0.389	STRING network edge used for candidate prioritization only; not direct mechanistic validation.
FLNA	ITGB1	0.993	0	0	0	0.084	0.867	0.65	0.87	STRING network edge used for candidate prioritization only; not direct mechanistic validation.
FLNA	ITGB3	0.994	0	0	0	0.098	0.963	0.65	0.575	STRING network edge used for candidate prioritization only; not direct mechanistic validation.
JUN	MAFF	0.75	0	0	0	0.235	0.159	0	0.642	STRING network edge used for candidate prioritization only; not direct mechanistic validation.
ACTB	JUN	0.806	0	0	0	0.048	0.15	0	0.779	STRING network edge used for candidate prioritization only; not direct mechanistic validation.
JUN	RHOA	0.808	0	0	0	0.069	0.073	0	0.795	STRING network edge used for candidate prioritization only; not direct mechanistic validation.
JUN	YAP1	0.909	0	0	0	0	0.072	0	0.906	STRING network edge used for candidate prioritization only; not direct mechanistic validation.
JUN	SRC	0.974	0	0	0	0.062	0.085	0.9	0.737	STRING network edge used for candidate prioritization only; not direct mechanistic validation.
JUN	RELA	0.986	0	0	0	0.087	0.271	0	0.98	STRING network edge used for candidate prioritization only; not direct mechanistic validation.
IL6	JUN	0.989	0	0	0	0.14	0	0.9	0.882	STRING network edge used for candidate prioritization only; not direct mechanistic validation.
ANKRD1	YAP1	0.722	0	0	0	0.074	0.091	0	0.696	STRING network edge used for candidate prioritization only; not direct mechanistic validation.
COL5A1	POSTN	0.78	0	0	0	0.355	0.076	0	0.661	STRING network edge used for candidate prioritization only; not direct mechanistic validation.
COL5A1	COL5A2	0.996	0	0	0.087	0.777	0.126	0.8	0.928	STRING network edge used for candidate prioritization only; not direct mechanistic validation.
FLNB	SRC	0.739	0	0	0	0.055	0.071	0	0.726	STRING network edge used for candidate prioritization only; not direct mechanistic validation.
ACTB	SRC	0.774	0	0	0	0.085	0.215	0	0.71	STRING network edge used for candidate prioritization only; not direct mechanistic validation.
IL6	SRC	0.787	0	0	0	0.084	0	0	0.778	STRING network edge used for candidate prioritization only; not direct mechanistic validation.
CFL1	SRC	0.847	0	0	0	0.077	0.314	0	0.777	STRING network edge used for candidate prioritization only; not direct mechanistic validation.
SRC	YAP1	0.951	0	0	0	0.042	0.071	0.7	0.838	STRING network edge used for candidate prioritization only; not direct mechanistic validation.
ITGB1	SRC	0.986	0	0	0	0.074	0.052	0.9	0.868	STRING network edge used for candidate prioritization only; not direct mechanistic validation.
CDC42	SRC	0.991	0	0	0	0.103	0.11	0.9	0.909	STRING network edge used for candidate prioritization only; not direct mechanistic validation.
RHOA	SRC	0.992	0	0	0	0.081	0.11	0.9	0.913	STRING network edge used for candidate prioritization only; not direct mechanistic validation.
ITGB3	SRC	0.998	0	0	0	0.09	0.309	0.9	0.972	STRING network edge used for candidate prioritization only; not direct mechanistic validation.
COL5A2	POSTN	0.792	0	0	0	0.57	0.076	0	0.519	STRING network edge used for candidate prioritization only; not direct mechanistic validation.
LATS2	TEAD2	0.707	0	0	0	0.06	0.236	0	0.625	STRING network edge used for candidate prioritization only; not direct mechanistic validation.
LATS2	TEAD1	0.733	0	0	0	0.055	0.102	0	0.711	STRING network edge used for candidate prioritization only; not direct mechanistic validation.
AMOTL2	LATS2	0.934	0	0	0	0.119	0.626	0.5	0.65	STRING network edge used for candidate prioritization only; not direct mechanistic validation.
LATS1	LATS2	0.989	0	0	0.069	0.042	0.78	0.9	0.528	STRING network edge used for candidate prioritization only; not direct mechanistic validation.
LATS2	WWTR1	0.989	0	0	0	0.065	0.653	0.9	0.71	STRING network edge used for candidate prioritization only; not direct mechanistic validation.
LATS2	YAP1	0.999	0	0	0	0.075	0.962	0.9	0.827	STRING network edge used for candidate prioritization only; not direct mechanistic validation.
IL6	ITGB1	0.704	0	0	0	0.067	0	0	0.696	STRING network edge used for candidate prioritization only; not direct mechanistic validation.
CDC42	ITGB1	0.769	0	0	0	0.113	0.166	0.4	0.541	STRING network edge used for candidate prioritization only; not direct mechanistic validation.
ITGB1	LAMA2	0.771	0	0	0	0.049	0.07	0.65	0.347	STRING network edge used for candidate prioritization only; not direct mechanistic validation.
ITGB1	PARVB	0.782	0	0	0	0.086	0.091	0.65	0.338	STRING network edge used for candidate prioritization only; not direct mechanistic validation.
ITGB1	MRTFA	0.792	0	0	0	0	0	0.75	0.202	STRING network edge used for candidate prioritization only; not direct mechanistic validation.
ITGB1	RHOA	0.839	0	0	0	0.123	0.165	0	0.797	STRING network edge used for candidate prioritization only; not direct mechanistic validation.
FLNB	ITGB1	0.939	0	0	0	0.111	0.477	0.65	0.673	STRING network edge used for candidate prioritization only; not direct mechanistic validation.
ACTB	ITGB1	0.984	0	0	0	0.084	0.077	0.9	0.835	STRING network edge used for candidate prioritization only; not direct mechanistic validation.
ITGB1	ITGB3	0.987	0	0	0.076	0.124	0.226	0.9	0.832	STRING network edge used for candidate prioritization only; not direct mechanistic validation.
CDC42	ROCK1	0.822	0	0	0	0.092	0.259	0	0.756	STRING network edge used for candidate prioritization only; not direct mechanistic validation.
CFL1	ROCK1	0.924	0	0	0	0.059	0.314	0.5	0.793	STRING network edge used for candidate prioritization only; not direct mechanistic validation.
RELA	ROCK1	0.925	0	0	0	0.069	0.106	0.9	0.214	STRING network edge used for candidate prioritization only; not direct mechanistic validation.
RHOA	ROCK1	0.999	0	0	0	0.088	0.878	0.9	0.997	STRING network edge used for candidate prioritization only; not direct mechanistic validation.
RELA	YAP1	0.709	0	0	0	0.05	0.333	0	0.577	STRING network edge used for candidate prioritization only; not direct mechanistic validation.
IL6	RELA	0.986	0	0	0	0.108	0.292	0.9	0.816	STRING network edge used for candidate prioritization only; not direct mechanistic validation.
CDC42	PARVB	0.739	0	0	0	0.049	0	0	0.737	STRING network edge used for candidate prioritization only; not direct mechanistic validation.
ITGB3	PARVB	0.865	0	0	0	0.161	0.091	0.65	0.556	STRING network edge used for candidate prioritization only; not direct mechanistic validation.
ACTB	PARVB	0.915	0	0	0	0.047	0	0.9	0.185	STRING network edge used for candidate prioritization only; not direct mechanistic validation.
ACTB	IL6	0.847	0	0	0	0	0	0	0.847	STRING network edge used for candidate prioritization only; not direct mechanistic validation.
FLNB	RHOA	0.773	0	0	0	0.042	0.048	0	0.771	STRING network edge used for candidate prioritization only; not direct mechanistic validation.
RHOA	TGFBR1	0.794	0	0	0	0.099	0.222	0.5	0.482	STRING network edge used for candidate prioritization only; not direct mechanistic validation.
MRTFB	RHOA	0.806	0	0	0	0.055	0.128	0	0.784	STRING network edge used for candidate prioritization only; not direct mechanistic validation.
ITGB3	RHOA	0.811	0	0	0	0.052	0.045	0.5	0.632	STRING network edge used for candidate prioritization only; not direct mechanistic validation.
MRTFA	RHOA	0.887	0	0	0	0.051	0.06	0.5	0.777	STRING network edge used for candidate prioritization only; not direct mechanistic validation.
CDC42	RHOA	0.955	0	0	0.062	0.361	0.295	0.9	0.103	STRING network edge used for candidate prioritization only; not direct mechanistic validation.
CFL1	RHOA	0.962	0	0	0	0.268	0.068	0.5	0.902	STRING network edge used for candidate prioritization only; not direct mechanistic validation.
ACTB	RHOA	0.978	0	0	0	0.426	0.07	0.9	0.646	STRING network edge used for candidate prioritization only; not direct mechanistic validation.
ITGB3	LAMA2	0.826	0	0	0	0	0.07	0.65	0.51	STRING network edge used for candidate prioritization only; not direct mechanistic validation.
AMOTL2	WWTR1	0.846	0	0	0	0.12	0	0.5	0.68	STRING network edge used for candidate prioritization only; not direct mechanistic validation.
WWTR1	YAP1	0.956	0	0	0	0.187	0.464	0.9	0.121	STRING network edge used for candidate prioritization only; not direct mechanistic validation.
TEAD2	WWTR1	0.995	0	0	0	0.085	0.898	0.9	0.585	STRING network edge used for candidate prioritization only; not direct mechanistic validation.
LATS1	WWTR1	0.997	0	0	0	0.043	0.911	0.9	0.758	STRING network edge used for candidate prioritization only; not direct mechanistic validation.
TEAD1	WWTR1	0.999	0	0	0	0.194	0.909	0.9	0.959	STRING network edge used for candidate prioritization only; not direct mechanistic validation.
CFL1	FLNB	0.829	0	0	0	0.055	0	0	0.827	STRING network edge used for candidate prioritization only; not direct mechanistic validation.
FLNB	ITGB3	0.911	0	0	0	0.055	0.349	0.65	0.638	STRING network edge used for candidate prioritization only; not direct mechanistic validation.
AMOTL2	LATS1	0.832	0	0	0	0.063	0	0.5	0.67	STRING network edge used for candidate prioritization only; not direct mechanistic validation.
AMOTL2	YAP1	0.982	0	0	0	0.334	0.835	0.5	0.726	STRING network edge used for candidate prioritization only; not direct mechanistic validation.
CDC42	CFL1	0.93	0	0	0	0.162	0.045	0	0.919	STRING network edge used for candidate prioritization only; not direct mechanistic validation.
ACTB	CFL1	0.999	0	0	0	0.403	0.987	0.9	0.834	STRING network edge used for candidate prioritization only; not direct mechanistic validation.
LATS1	TEAD1	0.817	0	0	0	0.056	0.102	0	0.802	STRING network edge used for candidate prioritization only; not direct mechanistic validation.
TEAD1	TEAD2	0.944	0	0	0.059	0.109	0.784	0.72	0.074	STRING network edge used for candidate prioritization only; not direct mechanistic validation.
TEAD1	YAP1	0.999	0	0	0	0.367	0.995	0.9	0.999	STRING network edge used for candidate prioritization only; not direct mechanistic validation.
LATS1	YAP1	0.999	0	0	0	0.043	0.974	0.9	0.974	STRING network edge used for candidate prioritization only; not direct mechanistic validation.
TGFBR1	YAP1	0.93	0	0	0	0	0.071	0.9	0.308	STRING network edge used for candidate prioritization only; not direct mechanistic validation.
ACTB	ITGB3	0.949	0	0	0	0.044	0.07	0.9	0.5	STRING network edge used for candidate prioritization only; not direct mechanistic validation.
TEAD2	YAP1	0.999	0	0	0	0.181	0.914	0.9	0.964	STRING network edge used for candidate prioritization only; not direct mechanistic validation.
ACTB	MRTFA	0.86	0	0	0	0.055	0.481	0.5	0.497	STRING network edge used for candidate prioritization only; not direct mechanistic validation.
ACTB	CDC42	0.975	0	0	0	0.415	0.07	0.9	0.596	STRING network edge used for candidate prioritization only; not direct mechanistic validation.
